GEOID,CensusTract,State,County,Urban,Pop2010,LowIncomeTracts,PovertyRate,MedianFamilyIncome,LILATracts_1And10,LILATracts_halfAnd10,LILATracts_Vehicle
04013010101,04013010101,Arizona,Maricopa County,0,5073,0,4.28601296257579,97143.0,0,0,0
04013010102,04013010102,Arizona,Maricopa County,1,4640,0,7.7988915281076805,152710.0,0,0,0
04013030401,04013030401,Arizona,Maricopa County,1,4283,0,3.02236550473504,133063.0,0,0,0
04013030402,04013030402,Arizona,Maricopa County,1,3895,0,13.610798650168702,120655.0,0,0,0
04013040502,04013040502,Arizona,Maricopa County,1,4861,0,10.387084224859,59414.0,0,0,0
04013040506,04013040506,Arizona,Maricopa County,1,5209,1,6.556521739130431,55560.0,1,1,0
04013040507,04013040507,Arizona,Maricopa County,1,6097,0,9.681967726774241,65797.0,0,0,0
04013040512,04013040512,Arizona,Maricopa County,1,1690,0,6.12362796071635,59635.0,0,0,0
04013040513,04013040513,Arizona,Maricopa County,1,3031,0,4.24710424710425,68263.0,0,0,0
04013040514,04013040514,Arizona,Maricopa County,1,3104,0,4.9060210258044,71630.0,0,0,0
04013040515,04013040515,Arizona,Maricopa County,0,4792,1,23.3247972684592,69565.0,1,1,1
04013040516,04013040516,Arizona,Maricopa County,0,2856,0,5.27699150828953,77440.0,0,0,0
04013040517,04013040517,Arizona,Maricopa County,0,7621,0,11.2915601023018,69891.0,0,0,0
04013040518,04013040518,Arizona,Maricopa County,0,6679,0,4.48690728945506,79095.0,0,0,0
04013040519,04013040519,Arizona,Maricopa County,0,3595,0,3.49099099099099,101557.0,0,0,0
04013040520,04013040520,Arizona,Maricopa County,1,4142,0,2.1164021164021203,116167.0,0,0,0
04013040521,04013040521,Arizona,Maricopa County,1,4560,0,7.256571640133281,96292.0,0,0,0
04013040522,04013040522,Arizona,Maricopa County,1,4181,0,10.112923462986199,73161.0,0,0,0
04013040523,04013040523,Arizona,Maricopa County,1,3300,0,10.149863760218,69722.0,0,0,0
04013040524,04013040524,Arizona,Maricopa County,1,1474,0,4.91803278688525,74375.0,0,0,0
04013040525,04013040525,Arizona,Maricopa County,1,3046,0,4.38066465256798,79345.0,0,0,0
04013040526,04013040526,Arizona,Maricopa County,1,2365,0,6.0945880058508,63641.0,0,0,0
04013040527,04013040527,Arizona,Maricopa County,1,4184,0,12.286240463036,64196.0,0,0,0
04013040528,04013040528,Arizona,Maricopa County,1,6212,0,4.1076734836567,66689.0,0,0,0
04013040529,04013040529,Arizona,Maricopa County,1,3222,0,2.39792611795204,70260.0,0,0,0
04013040530,04013040530,Arizona,Maricopa County,1,3559,0,12.3456790123457,72567.0,0,0,0
04013040531,04013040531,Arizona,Maricopa County,1,3395,1,11.6272522522523,55373.0,0,1,0
04013050603,04013050603,Arizona,Maricopa County,0,4536,1,15.833484820941601,57216.0,1,1,1
04013050604,04013050604,Arizona,Maricopa County,0,3727,1,20.1440842338598,58472.0,1,1,0
04013050605,04013050605,Arizona,Maricopa County,0,5828,0,4.04052734375,87212.0,0,0,0
04013050606,04013050606,Arizona,Maricopa County,1,6799,0,1.65603785229377,116970.0,0,0,0
04013050607,04013050607,Arizona,Maricopa County,0,6505,0,19.4676409185804,58796.0,0,0,0
04013050608,04013050608,Arizona,Maricopa County,1,7163,0,14.955159782746,60682.0,0,0,0
04013050609,04013050609,Arizona,Maricopa County,1,4874,0,6.8326577880718,63014.0,0,0,0
04013050610,04013050610,Arizona,Maricopa County,0,7915,0,11.392866915990101,68728.0,0,0,0
04013050611,04013050611,Arizona,Maricopa County,0,4477,0,8.427903871829109,68654.0,0,0,0
04013050701,04013050701,Arizona,Maricopa County,1,5092,1,18.2112767336358,53688.0,1,1,0
04013050702,04013050702,Arizona,Maricopa County,1,5280,1,19.5462114904246,53724.0,1,1,1
04013060801,04013060801,Arizona,Maricopa County,1,5832,1,29.010718678615397,39063.0,1,1,1
04013060802,04013060802,Arizona,Maricopa County,1,1975,1,12.3178348369188,52386.0,0,1,0
04013060901,04013060901,Arizona,Maricopa County,1,4640,1,21.2865716429107,54375.0,0,1,0
04013060902,04013060902,Arizona,Maricopa County,1,3842,1,32.280809319435896,45717.0,0,0,0
04013060903,04013060903,Arizona,Maricopa County,1,4983,1,20.0819672131148,47440.0,1,1,0
04013060904,04013060904,Arizona,Maricopa County,1,3527,1,20.4691426975705,46953.0,1,1,0
04013061009,04013061009,Arizona,Maricopa County,1,8318,0,11.4673708034704,104850.0,0,0,0
04013061010,04013061010,Arizona,Maricopa County,1,4638,0,9.61367277906356,98287.0,0,0,0
04013061011,04013061011,Arizona,Maricopa County,1,5705,0,15.278320949028801,84668.0,0,0,0
04013061012,04013061012,Arizona,Maricopa County,1,7680,0,5.40346682606097,87469.0,0,0,0
04013061013,04013061013,Arizona,Maricopa County,1,5709,0,3.4950187816429903,88077.0,0,0,0
04013061014,04013061014,Arizona,Maricopa County,1,4905,0,7.34938043013816,62688.0,0,0,0
04013061015,04013061015,Arizona,Maricopa County,1,5757,0,5.42354434971885,82500.0,0,0,0
04013061016,04013061016,Arizona,Maricopa County,1,4614,0,4.0707175753974205,105795.0,0,0,0
04013061017,04013061017,Arizona,Maricopa County,1,3496,0,0.0,,0,0,0
04013061018,04013061018,Arizona,Maricopa County,1,4660,0,3.72615039281706,85256.0,0,0,0
04013061019,04013061019,Arizona,Maricopa County,0,3161,0,4.2336083369518,72625.0,0,0,0
04013061020,04013061020,Arizona,Maricopa County,1,3835,0,8.93095174620101,111446.0,0,0,0
04013061021,04013061021,Arizona,Maricopa County,1,1753,0,4.21195652173913,99792.0,0,0,0
04013061022,04013061022,Arizona,Maricopa County,1,8869,0,7.296094908551661,66242.0,0,0,0
04013061023,04013061023,Arizona,Maricopa County,1,9200,0,11.1366538952746,79610.0,0,0,0
04013061024,04013061024,Arizona,Maricopa County,1,2177,1,8.33775889537971,53611.0,1,1,0
04013061025,04013061025,Arizona,Maricopa County,1,7445,0,3.6692942942942897,87237.0,0,0,0
04013061026,04013061026,Arizona,Maricopa County,1,5458,0,11.882437793004,64007.0,0,0,0
04013061027,04013061027,Arizona,Maricopa County,1,5539,0,5.97726439310598,82151.0,0,0,0
04013061028,04013061028,Arizona,Maricopa County,1,2417,1,13.4754098360656,55511.0,0,1,0
04013061029,04013061029,Arizona,Maricopa County,1,4905,1,11.2604671661525,56071.0,0,1,0
04013061030,04013061030,Arizona,Maricopa County,1,7272,0,1.42857142857143,85100.0,0,0,0
04013061031,04013061031,Arizona,Maricopa County,1,3315,0,8.34742180896027,84779.0,0,0,0
04013061032,04013061032,Arizona,Maricopa County,1,5579,0,9.416565900846429,75755.0,0,0,0
04013061033,04013061033,Arizona,Maricopa County,1,6011,0,11.4864864864865,62318.0,0,0,0
04013061034,04013061034,Arizona,Maricopa County,1,6764,0,11.842262974949099,89408.0,0,0,0
04013061035,04013061035,Arizona,Maricopa County,1,6699,0,4.71618186952838,68487.0,0,0,0
04013061036,04013061036,Arizona,Maricopa County,1,2489,0,3.0832726389900498,98500.0,0,0,0
04013061037,04013061037,Arizona,Maricopa County,1,3957,0,5.63433541312157,100208.0,0,0,0
04013061038,04013061038,Arizona,Maricopa County,1,4525,0,6.19686800894855,73512.0,0,0,0
04013061039,04013061039,Arizona,Maricopa County,1,3708,0,14.880684376407,94074.0,0,0,0
04013061040,04013061040,Arizona,Maricopa County,1,3929,0,9.39787485242031,64643.0,0,0,0
04013061041,04013061041,Arizona,Maricopa County,1,4319,0,4.9666738335841805,63208.0,0,0,0
04013061042,04013061042,Arizona,Maricopa County,1,2120,0,9.131803868645969,64028.0,0,0,0
04013061043,04013061043,Arizona,Maricopa County,1,2452,0,10.1464435146444,64167.0,0,0,0
04013061044,04013061044,Arizona,Maricopa County,0,5553,0,2.8335967487017397,92481.0,0,0,0
04013061045,04013061045,Arizona,Maricopa County,1,4960,0,2.1938696125719597,105766.0,0,0,0
04013061046,04013061046,Arizona,Maricopa County,1,5183,0,13.3540372670807,67978.0,0,0,0
04013061047,04013061047,Arizona,Maricopa County,1,3264,0,8.64612995081543,125769.0,0,0,0
04013061100,04013061100,Arizona,Maricopa County,1,3436,1,5.67901234567901,52935.0,1,1,0
04013061200,04013061200,Arizona,Maricopa County,1,6114,1,38.5316368638239,29670.0,0,1,1
04013061300,04013061300,Arizona,Maricopa County,1,1930,1,18.1093394077449,52563.0,0,1,0
04013061401,04013061401,Arizona,Maricopa County,1,1972,1,41.196665031878396,30667.0,0,0,0
04013061402,04013061402,Arizona,Maricopa County,1,5505,1,35.2872992217254,35917.0,0,1,0
04013071503,04013071503,Arizona,Maricopa County,1,4708,1,6.6973079448457,45093.0,1,1,1
04013071504,04013071504,Arizona,Maricopa County,1,3394,1,3.58078602620087,57273.0,1,1,0
04013071505,04013071505,Arizona,Maricopa County,1,5964,0,11.4804510177186,59375.0,0,0,0
04013071506,04013071506,Arizona,Maricopa County,1,4260,1,9.91035856573705,55016.0,1,1,0
04013071509,04013071509,Arizona,Maricopa County,1,5401,0,7.093488541287741,104120.0,0,0,0
04013071510,04013071510,Arizona,Maricopa County,1,4078,0,3.5818005808325304,108553.0,0,0,0
04013071511,04013071511,Arizona,Maricopa County,1,3339,0,11.1050626020686,70735.0,0,0,0
04013071512,04013071512,Arizona,Maricopa County,1,5917,0,2.6245899078268997,86426.0,0,0,0
04013071513,04013071513,Arizona,Maricopa County,1,1550,0,7.06775700934579,100208.0,0,0,0
04013071514,04013071514,Arizona,Maricopa County,1,4021,0,7.92181069958848,89583.0,0,0,0
04013071515,04013071515,Arizona,Maricopa County,1,3674,0,4.61293743372216,91458.0,0,0,0
04013071516,04013071516,Arizona,Maricopa County,1,2886,1,8.587915818058379,48242.0,1,1,1
04013071517,04013071517,Arizona,Maricopa County,1,3740,0,5.88083569770441,65313.0,0,0,0
04013071600,04013071600,Arizona,Maricopa County,1,3668,1,21.904761904761898,43363.0,1,1,1
04013071701,04013071701,Arizona,Maricopa County,1,2634,0,11.754626456477,67337.0,0,0,0
04013071702,04013071702,Arizona,Maricopa County,1,3219,1,11.5569823434992,36518.0,1,1,0
04013071801,04013071801,Arizona,Maricopa County,1,5148,1,12.282417367494599,47679.0,1,1,1
04013071802,04013071802,Arizona,Maricopa County,1,3302,1,12.3346751006325,44940.0,1,1,0
04013071903,04013071903,Arizona,Maricopa County,1,6306,0,6.279620853080569,80424.0,0,0,0
04013071906,04013071906,Arizona,Maricopa County,1,5816,1,14.876183539694098,57500.0,0,1,0
04013071909,04013071909,Arizona,Maricopa County,1,3797,0,5.677290836653389,67434.0,0,0,0
04013071910,04013071910,Arizona,Maricopa County,1,6218,1,12.962962962963001,53841.0,0,0,0
04013071911,04013071911,Arizona,Maricopa County,1,3081,0,5.6894889103182305,67946.0,0,0,0
04013071912,04013071912,Arizona,Maricopa County,1,2817,1,12.229987293519699,51750.0,1,1,0
04013071913,04013071913,Arizona,Maricopa County,1,5071,1,16.468903436988498,51705.0,0,1,1
04013071914,04013071914,Arizona,Maricopa County,1,3125,1,23.7412364563416,59400.0,1,1,0
04013071915,04013071915,Arizona,Maricopa County,1,3439,0,14.8529411764706,64048.0,0,0,0
04013082002,04013082002,Arizona,Maricopa County,1,5807,0,10.4664075513604,63293.0,0,0,0
04013082007,04013082007,Arizona,Maricopa County,1,4077,1,19.781931464174498,47545.0,0,1,0
04013082008,04013082008,Arizona,Maricopa County,1,5058,1,23.3009708737864,42083.0,0,0,0
04013082009,04013082009,Arizona,Maricopa County,1,4668,1,16.1784287616511,49856.0,0,1,0
04013082010,04013082010,Arizona,Maricopa County,1,3931,1,24.8262548262548,39514.0,0,1,0
04013082012,04013082012,Arizona,Maricopa County,1,5708,0,7.83422112511368,71235.0,0,0,0
04013082016,04013082016,Arizona,Maricopa County,1,2348,0,6.06060606060606,78162.0,0,0,0
04013082017,04013082017,Arizona,Maricopa County,1,4275,0,17.265306122449,57869.0,0,0,0
04013082018,04013082018,Arizona,Maricopa County,1,4685,1,21.0263245584805,57083.0,0,1,0
04013082019,04013082019,Arizona,Maricopa County,1,2391,0,3.5976505139500703,99769.0,0,0,0
04013082020,04013082020,Arizona,Maricopa County,1,3833,0,7.6745379876796695,85139.0,0,0,0
04013082021,04013082021,Arizona,Maricopa County,1,2070,0,3.73039423484527,80950.0,0,0,0
04013082022,04013082022,Arizona,Maricopa County,1,4171,0,11.5498310810811,69236.0,0,0,0
04013082023,04013082023,Arizona,Maricopa County,1,5366,0,9.210282966524879,77000.0,0,0,0
04013082024,04013082024,Arizona,Maricopa County,1,4081,0,18.4866123399302,61114.0,0,0,0
04013082025,04013082025,Arizona,Maricopa County,1,2378,0,11.3072877535687,74250.0,0,0,0
04013082026,04013082026,Arizona,Maricopa County,1,5995,0,11.981269174874901,58719.0,0,0,0
04013082027,04013082027,Arizona,Maricopa County,1,3978,0,13.566739606126902,59539.0,0,0,0
04013082028,04013082028,Arizona,Maricopa County,1,4214,1,21.3217768147346,55093.0,0,1,0
04013082203,04013082203,Arizona,Maricopa County,1,7512,0,11.6640458791971,72414.0,0,0,0
04013082204,04013082204,Arizona,Maricopa County,1,5359,0,17.2983216025988,65231.0,0,0,0
04013082205,04013082205,Arizona,Maricopa County,1,5124,0,10.4602510460251,64583.0,0,0,0
04013082206,04013082206,Arizona,Maricopa County,1,3092,0,7.2039072039072005,71678.0,0,0,0
04013082207,04013082207,Arizona,Maricopa County,1,2394,0,15.090484530064199,58682.0,0,0,0
04013082208,04013082208,Arizona,Maricopa County,0,2891,1,26.370083816892297,57240.0,0,0,0
04013082209,04013082209,Arizona,Maricopa County,1,2840,1,22.3997280761387,46691.0,0,1,0
04013082210,04013082210,Arizona,Maricopa County,1,4633,0,11.9329012581014,61921.0,0,0,0
04013082211,04013082211,Arizona,Maricopa County,1,4823,0,8.42405854006782,78458.0,0,0,0
04013083000,04013083000,Arizona,Maricopa County,1,6545,1,18.288426636884,43229.0,0,1,0
04013092305,04013092305,Arizona,Maricopa County,1,3667,1,17.638574077890002,57188.0,0,1,0
04013092306,04013092306,Arizona,Maricopa County,1,5893,1,20.1753037059819,67905.0,0,1,0
04013092307,04013092307,Arizona,Maricopa County,1,5847,0,14.136767862618798,62023.0,0,0,0
04013092308,04013092308,Arizona,Maricopa County,1,6612,0,10.6142794311685,64830.0,0,0,0
04013092309,04013092309,Arizona,Maricopa County,1,5212,0,18.969516235917798,63763.0,0,0,0
04013092311,04013092311,Arizona,Maricopa County,1,2876,1,34.1799937284415,32880.0,0,1,1
04013092312,04013092312,Arizona,Maricopa County,1,5001,1,22.3448563098709,49722.0,1,1,1
04013092401,04013092401,Arizona,Maricopa County,1,4045,1,23.1645312182225,40991.0,0,1,1
04013092402,04013092402,Arizona,Maricopa County,1,3369,1,21.622410271374402,54150.0,0,1,1
04013092500,04013092500,Arizona,Maricopa County,1,4935,0,17.4749334970329,60905.0,0,0,0
04013092600,04013092600,Arizona,Maricopa County,1,3177,1,57.84077201447529,17950.0,1,1,1
04013092705,04013092705,Arizona,Maricopa County,1,3702,1,13.038574328896901,48867.0,0,1,0
04013092708,04013092708,Arizona,Maricopa County,1,2056,1,20.067210753720598,67772.0,0,1,0
04013092709,04013092709,Arizona,Maricopa County,1,4130,0,7.605101558809641,67500.0,0,0,0
04013092710,04013092710,Arizona,Maricopa County,1,4269,0,11.125945705385,82083.0,0,0,0
04013092711,04013092711,Arizona,Maricopa County,1,3120,0,18.867379370124198,65573.0,0,0,0
04013092712,04013092712,Arizona,Maricopa County,1,4905,0,7.892882311486959,73485.0,0,0,0
04013092713,04013092713,Arizona,Maricopa County,1,5027,0,13.1683168316832,64828.0,0,0,0
04013092715,04013092715,Arizona,Maricopa County,1,4037,1,17.0311464546057,51173.0,0,1,0
04013092716,04013092716,Arizona,Maricopa County,1,3908,1,21.798505539809298,55294.0,0,1,0
04013092717,04013092717,Arizona,Maricopa County,1,4870,1,24.0267970305993,38869.0,0,1,0
04013092718,04013092718,Arizona,Maricopa County,1,3791,1,29.8263798911635,39839.0,0,1,0
04013092719,04013092719,Arizona,Maricopa County,1,4277,0,4.22142572680207,60964.0,0,0,0
04013092720,04013092720,Arizona,Maricopa County,0,4407,0,11.5974495950371,73169.0,0,0,0
04013092721,04013092721,Arizona,Maricopa County,1,2801,0,5.76923076923077,96458.0,0,0,0
04013092723,04013092723,Arizona,Maricopa County,1,4114,0,15.3944020356234,61178.0,0,0,0
04013092724,04013092724,Arizona,Maricopa County,1,3472,1,13.9364919354839,51151.0,0,1,1
04013092801,04013092801,Arizona,Maricopa County,1,4756,1,47.8514588859416,24020.0,0,1,1
04013092802,04013092802,Arizona,Maricopa County,1,5217,1,34.0269277845777,33098.0,0,1,0
04013092900,04013092900,Arizona,Maricopa County,1,2866,1,44.864,26908.0,0,0,0
04013093001,04013093001,Arizona,Maricopa County,1,4841,1,28.2626905679343,39375.0,0,1,1
04013093002,04013093002,Arizona,Maricopa County,1,4082,1,41.6240409207161,31083.0,0,1,0
04013093101,04013093101,Arizona,Maricopa County,1,4547,1,21.261378413524103,39181.0,0,1,0
04013093104,04013093104,Arizona,Maricopa County,1,4385,1,41.3965087281795,30294.0,0,1,1
04013093105,04013093105,Arizona,Maricopa County,1,5242,1,39.75803778588,32392.0,0,1,0
04013093106,04013093106,Arizona,Maricopa County,1,4068,1,33.235602094240804,46100.0,0,1,0
04013093200,04013093200,Arizona,Maricopa County,1,3355,1,20.6772134332501,45450.0,1,1,1
04013103205,04013103205,Arizona,Maricopa County,1,2652,0,7.1866485013623995,90125.0,0,0,0
04013103206,04013103206,Arizona,Maricopa County,1,2521,0,3.4167659912594397,128092.0,0,0,0
04013103207,04013103207,Arizona,Maricopa County,1,2459,0,1.88679245283019,140063.0,0,0,0
04013103208,04013103208,Arizona,Maricopa County,1,3927,0,5.71499257793172,93350.0,0,0,0
04013103209,04013103209,Arizona,Maricopa County,1,5353,0,5.28511821974965,138558.0,0,0,0
04013103210,04013103210,Arizona,Maricopa County,1,6044,1,22.1086448598131,58333.0,0,0,0
04013103211,04013103211,Arizona,Maricopa County,1,4395,0,4.243717401612139,93182.0,0,0,0
04013103212,04013103212,Arizona,Maricopa County,1,4245,0,4.5551601423487496,107772.0,0,0,0
04013103214,04013103214,Arizona,Maricopa County,1,3852,0,4.41107461285781,118438.0,0,0,0
04013103215,04013103215,Arizona,Maricopa County,1,2779,0,11.8459069020867,96083.0,0,0,0
04013103216,04013103216,Arizona,Maricopa County,1,5192,0,6.327193932827741,93750.0,0,0,0
04013103217,04013103217,Arizona,Maricopa County,1,6295,0,6.1372983233154095,87587.0,0,0,0
04013103219,04013103219,Arizona,Maricopa County,1,3012,0,3.59872611464968,121100.0,0,0,0
04013103220,04013103220,Arizona,Maricopa County,1,2994,0,5.61582641991066,95625.0,0,0,0
04013103302,04013103302,Arizona,Maricopa County,1,6246,1,19.805430521272,56723.0,0,1,0
04013103303,04013103303,Arizona,Maricopa County,1,3475,1,8.77441268044155,56994.0,0,1,0
04013103304,04013103304,Arizona,Maricopa County,1,4674,1,29.735723526150398,35450.0,0,0,0
04013103305,04013103305,Arizona,Maricopa County,1,3092,1,26.8896321070234,32300.0,0,0,0
04013103306,04013103306,Arizona,Maricopa County,1,3619,1,35.4027926960258,34788.0,0,0,0
04013103400,04013103400,Arizona,Maricopa County,1,4656,0,8.698347107438021,73813.0,0,0,0
04013103501,04013103501,Arizona,Maricopa County,1,3107,1,22.3684210526316,90000.0,0,0,0
04013103502,04013103502,Arizona,Maricopa County,1,5914,0,5.42857142857143,78258.0,0,0,0
04013103604,04013103604,Arizona,Maricopa County,1,4098,0,18.7726449275362,67143.0,0,0,0
04013103605,04013103605,Arizona,Maricopa County,1,5967,0,4.65348180156224,113494.0,0,0,0
04013103606,04013103606,Arizona,Maricopa County,1,4089,0,14.722039112283,74531.0,0,0,0
04013103607,04013103607,Arizona,Maricopa County,1,4496,0,4.35153583617747,96538.0,0,0,0
04013103608,04013103608,Arizona,Maricopa County,1,3587,0,11.1626770884221,76250.0,0,0,0
04013103609,04013103609,Arizona,Maricopa County,1,5280,0,13.6806596701649,58750.0,0,0,0
04013103611,04013103611,Arizona,Maricopa County,1,5121,0,4.38042620363062,116984.0,0,0,0
04013103612,04013103612,Arizona,Maricopa County,1,4762,0,7.977669728074909,99412.0,0,0,0
04013103614,04013103614,Arizona,Maricopa County,1,2998,0,17.3913043478261,85847.0,0,0,0
04013103615,04013103615,Arizona,Maricopa County,1,4748,1,36.5541327124563,22586.0,1,1,1
04013103701,04013103701,Arizona,Maricopa County,1,4700,0,13.370809074483,59771.0,0,0,0
04013103702,04013103702,Arizona,Maricopa County,1,3056,0,6.904554685233539,81683.0,0,0,0
04013103900,04013103900,Arizona,Maricopa County,1,5827,1,18.9585172109444,57645.0,1,1,1
04013104000,04013104000,Arizona,Maricopa County,1,6725,1,24.101216814159297,47026.0,0,1,1
04013104100,04013104100,Arizona,Maricopa County,1,6567,1,19.2438885730529,54028.0,0,1,1
04013104202,04013104202,Arizona,Maricopa County,1,5131,0,11.043527846417,59614.0,0,0,0
04013104203,04013104203,Arizona,Maricopa County,1,6211,0,9.06757912745937,64096.0,0,0,0
04013104204,04013104204,Arizona,Maricopa County,1,3230,0,5.36228093120586,65500.0,0,0,0
04013104205,04013104205,Arizona,Maricopa County,1,5156,1,18.6786897313213,56516.0,0,0,0
04013104206,04013104206,Arizona,Maricopa County,1,3813,1,17.2669968482665,53416.0,0,1,0
04013104207,04013104207,Arizona,Maricopa County,1,4240,0,8.99182561307902,78750.0,0,0,0
04013104212,04013104212,Arizona,Maricopa County,1,6174,0,8.541734329327701,70098.0,0,0,0
04013104214,04013104214,Arizona,Maricopa County,1,2312,0,8.146897425073869,83482.0,0,0,0
04013104215,04013104215,Arizona,Maricopa County,1,4026,0,13.891102257636101,73516.0,0,0,0
04013104216,04013104216,Arizona,Maricopa County,1,4771,0,9.17365696948064,64528.0,0,0,0
04013104217,04013104217,Arizona,Maricopa County,1,4882,0,9.42614868862157,83313.0,0,0,0
04013104218,04013104218,Arizona,Maricopa County,1,3941,0,14.578069732188,71750.0,0,0,0
04013104219,04013104219,Arizona,Maricopa County,1,2982,0,8.15313718539525,73083.0,0,0,0
04013104221,04013104221,Arizona,Maricopa County,1,5864,0,13.628926701570702,60162.0,0,0,0
04013104222,04013104222,Arizona,Maricopa County,1,5915,0,11.4383338756915,72000.0,0,0,0
04013104223,04013104223,Arizona,Maricopa County,1,1857,0,5.49188156638013,119375.0,0,0,0
04013104224,04013104224,Arizona,Maricopa County,1,5898,0,15.450035435861102,68684.0,0,0,0
04013104225,04013104225,Arizona,Maricopa County,1,3699,0,11.0761154855643,71821.0,0,0,0
04013104226,04013104226,Arizona,Maricopa County,1,4373,0,10.645087759288801,64535.0,0,0,0
04013104227,04013104227,Arizona,Maricopa County,1,2059,1,20.5724508050089,60000.0,0,0,0
04013104301,04013104301,Arizona,Maricopa County,1,3300,0,12.8353498158864,75530.0,0,0,0
04013104302,04013104302,Arizona,Maricopa County,1,3209,1,29.5326645461219,41100.0,1,1,1
04013104401,04013104401,Arizona,Maricopa County,1,5017,1,11.8396324911255,44926.0,1,1,1
04013104402,04013104402,Arizona,Maricopa County,1,2538,1,22.4594363791631,59907.0,0,1,0
04013104501,04013104501,Arizona,Maricopa County,1,3697,1,46.051660516605196,29338.0,0,1,1
04013104502,04013104502,Arizona,Maricopa County,1,5107,1,39.731893502141105,30021.0,1,1,1
04013104600,04013104600,Arizona,Maricopa County,1,4253,1,19.210220673635302,51439.0,0,1,0
04013104701,04013104701,Arizona,Maricopa County,1,2474,1,30.967952910399,31795.0,0,1,0
04013104702,04013104702,Arizona,Maricopa County,1,4441,1,29.5491707544966,36691.0,0,1,1
04013104801,04013104801,Arizona,Maricopa County,1,3619,0,10.2983362019507,127321.0,0,0,0
04013104802,04013104802,Arizona,Maricopa County,1,5688,0,4.22982023264011,96607.0,0,0,0
04013104900,04013104900,Arizona,Maricopa County,1,4003,0,7.91415157612341,89055.0,0,0,0
04013105002,04013105002,Arizona,Maricopa County,1,2574,0,4.349258649093899,250001.0,0,0,0
04013105003,04013105003,Arizona,Maricopa County,1,4549,0,6.78800856531049,250001.0,0,0,0
04013105004,04013105004,Arizona,Maricopa County,1,3114,0,3.4616449736915,250001.0,0,0,0
04013105101,04013105101,Arizona,Maricopa County,1,4417,0,4.68786808009423,155559.0,0,0,0
04013105102,04013105102,Arizona,Maricopa County,1,4165,0,7.58465011286682,116512.0,0,0,0
04013105103,04013105103,Arizona,Maricopa County,1,3017,0,6.10932475884244,195556.0,0,0,0
04013105200,04013105200,Arizona,Maricopa County,1,5819,0,15.7730673316708,70489.0,0,0,0
04013105300,04013105300,Arizona,Maricopa County,1,4995,1,22.768959435626098,78074.0,0,1,0
04013105400,04013105400,Arizona,Maricopa County,1,3603,0,14.257228315054801,115461.0,0,0,0
04013105501,04013105501,Arizona,Maricopa County,1,2355,1,32.2933549432739,33482.0,0,1,0
04013105502,04013105502,Arizona,Maricopa County,1,1891,1,36.9373776908023,34405.0,0,0,0
04013105503,04013105503,Arizona,Maricopa County,1,3279,1,27.267492081773696,31825.0,0,0,0
04013105601,04013105601,Arizona,Maricopa County,1,3791,1,37.1687429218573,34375.0,0,1,0
04013105602,04013105602,Arizona,Maricopa County,1,5943,1,39.2064979693846,31699.0,0,1,1
04013105701,04013105701,Arizona,Maricopa County,1,3426,1,18.9634511683643,54536.0,0,1,0
04013105702,04013105702,Arizona,Maricopa County,1,3775,1,19.6847038772902,54579.0,0,1,1
04013105800,04013105800,Arizona,Maricopa County,1,6298,1,21.2968217934166,62917.0,0,1,0
04013105900,04013105900,Arizona,Maricopa County,1,4956,1,25.870942201108498,43702.0,0,1,1
04013106001,04013106001,Arizona,Maricopa County,1,1671,1,33.918459796149506,40688.0,0,1,0
04013106002,04013106002,Arizona,Maricopa County,1,2248,1,26.473859844271402,33500.0,0,0,0
04013106003,04013106003,Arizona,Maricopa County,1,3175,1,14.3998063891578,40882.0,0,1,0
04013106100,04013106100,Arizona,Maricopa County,1,5282,0,7.784881534411429,98629.0,0,0,0
04013106200,04013106200,Arizona,Maricopa County,1,3285,0,2.1739130434782603,165625.0,0,0,0
04013106300,04013106300,Arizona,Maricopa County,1,5093,0,11.263677322463,110030.0,0,0,0
04013106400,04013106400,Arizona,Maricopa County,1,2732,0,8.91089108910891,90766.0,0,0,0
04013106501,04013106501,Arizona,Maricopa County,1,2877,0,17.3654568210263,67105.0,0,0,0
04013106502,04013106502,Arizona,Maricopa County,1,3542,0,10.8437228182082,70944.0,0,0,0
04013106600,04013106600,Arizona,Maricopa County,1,3607,0,8.08080808080808,141486.0,0,0,0
04013106701,04013106701,Arizona,Maricopa County,1,3961,1,43.5005574136009,31159.0,0,0,0
04013106702,04013106702,Arizona,Maricopa County,1,1213,0,12.112472963230001,85357.0,0,0,0
04013106703,04013106703,Arizona,Maricopa County,1,2029,0,13.5284139100933,95500.0,0,0,0
04013106801,04013106801,Arizona,Maricopa County,1,3941,1,43.7138226441306,24563.0,0,1,1
04013106802,04013106802,Arizona,Maricopa County,1,3248,0,12.0104438642298,58608.0,0,0,0
04013106900,04013106900,Arizona,Maricopa County,1,7077,1,25.4066807400969,46414.0,0,1,0
04013107000,04013107000,Arizona,Maricopa County,1,7123,1,19.524709694842,56863.0,0,1,0
04013107101,04013107101,Arizona,Maricopa County,1,4262,1,30.313051146384502,42679.0,0,0,0
04013107102,04013107102,Arizona,Maricopa County,1,5197,1,38.0495356037152,39127.0,0,1,0
04013107201,04013107201,Arizona,Maricopa County,1,4301,1,57.9227696404794,27623.0,0,0,0
04013107202,04013107202,Arizona,Maricopa County,1,4928,1,40.5533181579408,42212.0,0,0,0
04013107300,04013107300,Arizona,Maricopa County,1,6202,1,32.787991229549704,26651.0,0,0,0
04013107400,04013107400,Arizona,Maricopa County,1,6572,1,26.073197578426,40812.0,0,1,0
04013107500,04013107500,Arizona,Maricopa County,1,3337,0,4.17106652587117,158355.0,0,0,0
04013107601,04013107601,Arizona,Maricopa County,1,2800,1,27.742676622630704,62880.0,0,1,0
04013107602,04013107602,Arizona,Maricopa County,1,2680,0,13.527180783817998,84375.0,0,0,0
04013107700,04013107700,Arizona,Maricopa County,1,3797,0,5.79466217840827,83654.0,0,0,0
04013107800,04013107800,Arizona,Maricopa County,1,2408,0,7.6473046385290395,192850.0,0,0,0
04013107900,04013107900,Arizona,Maricopa County,1,3701,0,2.90635091496232,162415.0,0,0,0
04013108000,04013108000,Arizona,Maricopa County,1,3467,0,4.118008604794101,201806.0,0,0,0
04013108100,04013108100,Arizona,Maricopa County,1,1850,0,3.0987162461266,153000.0,0,0,0
04013108200,04013108200,Arizona,Maricopa County,1,3158,0,4.12521942656524,77045.0,0,0,0
04013108301,04013108301,Arizona,Maricopa County,1,3405,0,8.76803551609323,151250.0,0,0,0
04013108302,04013108302,Arizona,Maricopa County,1,2700,0,5.6194544857049,81736.0,0,0,0
04013108400,04013108400,Arizona,Maricopa County,1,4888,0,15.854841839705,111000.0,0,0,0
04013108501,04013108501,Arizona,Maricopa County,1,2250,1,13.6345300524405,53795.0,0,1,0
04013108502,04013108502,Arizona,Maricopa County,1,3529,0,10.758377425044099,,0,0,0
04013108601,04013108601,Arizona,Maricopa County,1,2679,1,30.359820089954997,30313.0,1,1,1
04013108602,04013108602,Arizona,Maricopa County,1,4530,1,22.7961103140443,42868.0,1,1,1
04013108802,04013108802,Arizona,Maricopa County,1,1819,0,18.7273667873771,66250.0,0,0,0
04013108901,04013108901,Arizona,Maricopa County,1,2508,1,30.7046979865772,57857.0,0,0,0
04013108902,04013108902,Arizona,Maricopa County,1,3858,1,37.048315062931394,32000.0,0,0,0
04013109001,04013109001,Arizona,Maricopa County,1,4146,1,40.6159769008662,28430.0,0,0,0
04013109002,04013109002,Arizona,Maricopa County,1,4563,1,45.8477508650519,24519.0,0,0,0
04013109003,04013109003,Arizona,Maricopa County,1,5474,1,49.6886674968867,28182.0,0,0,0
04013109101,04013109101,Arizona,Maricopa County,1,3283,1,30.6438009558617,46176.0,0,0,0
04013109102,04013109102,Arizona,Maricopa County,1,5299,1,18.0231582480282,48711.0,0,1,0
04013109200,04013109200,Arizona,Maricopa County,1,4096,1,41.8181818181818,27337.0,0,1,1
04013109300,04013109300,Arizona,Maricopa County,1,4670,1,23.1054977711738,54792.0,0,1,0
04013109400,04013109400,Arizona,Maricopa County,1,8290,1,41.1331942461843,35108.0,0,1,1
04013109500,04013109500,Arizona,Maricopa County,1,4867,1,15.6407035175879,55403.0,0,1,0
04013109601,04013109601,Arizona,Maricopa County,1,4723,1,26.6781708369284,44288.0,0,1,0
04013109602,04013109602,Arizona,Maricopa County,1,5719,1,38.991968983661,37914.0,0,1,0
04013109603,04013109603,Arizona,Maricopa County,1,4450,1,27.7528928704741,39227.0,0,1,0
04013109604,04013109604,Arizona,Maricopa County,1,3814,1,31.0051488694874,36536.0,0,1,0
04013109701,04013109701,Arizona,Maricopa County,1,7467,1,40.672124084446395,31582.0,0,1,0
04013109702,04013109702,Arizona,Maricopa County,1,5053,1,31.1393710259495,40631.0,0,1,0
04013109703,04013109703,Arizona,Maricopa County,1,2742,1,34.834927491515,37740.0,0,1,0
04013109704,04013109704,Arizona,Maricopa County,1,2360,1,28.5662953647143,43448.0,0,1,0
04013109705,04013109705,Arizona,Maricopa County,1,1803,1,21.806346623271,51188.0,0,0,0
04013109801,04013109801,Arizona,Maricopa County,1,3758,1,30.263418498712603,36275.0,0,1,0
04013109802,04013109802,Arizona,Maricopa County,1,4546,1,17.8492647058824,55833.0,0,1,0
04013109900,04013109900,Arizona,Maricopa County,1,7080,1,45.5444406117052,37358.0,0,1,0
04013110001,04013110001,Arizona,Maricopa County,1,4529,1,27.401187794388697,47000.0,1,1,0
04013110002,04013110002,Arizona,Maricopa County,1,4339,1,27.817201248935604,42059.0,1,1,0
04013110100,04013110100,Arizona,Maricopa County,1,6612,1,43.544078361531604,34375.0,1,1,1
04013110400,04013110400,Arizona,Maricopa County,1,5125,0,11.1001187178473,63963.0,0,0,0
04013110501,04013110501,Arizona,Maricopa County,1,2899,0,10.775588048315301,72786.0,0,0,0
04013110502,04013110502,Arizona,Maricopa County,1,2319,1,19.4544725230646,54968.0,0,1,1
04013110600,04013110600,Arizona,Maricopa County,1,4881,0,10.549812030075199,90938.0,0,0,0
04013110701,04013110701,Arizona,Maricopa County,1,2570,1,37.196336121067304,39485.0,1,1,1
04013110702,04013110702,Arizona,Maricopa County,1,3833,1,25.1288056206089,65351.0,1,1,1
04013110801,04013110801,Arizona,Maricopa County,1,5006,1,27.8386916929939,42763.0,0,0,0
04013110802,04013110802,Arizona,Maricopa County,1,2315,0,14.455539705183101,64241.0,0,0,0
04013110901,04013110901,Arizona,Maricopa County,1,3075,1,27.369023761809302,52708.0,0,1,0
04013110902,04013110902,Arizona,Maricopa County,1,4304,1,23.0614115490376,46208.0,0,1,1
04013111000,04013111000,Arizona,Maricopa County,1,4745,0,9.45701357466063,125875.0,0,0,0
04013111100,04013111100,Arizona,Maricopa County,1,4376,0,7.88436268068331,112933.0,0,0,0
04013111201,04013111201,Arizona,Maricopa County,1,5242,1,20.071017923571198,42374.0,0,1,1
04013111202,04013111202,Arizona,Maricopa County,1,1964,1,27.7754147171416,31111.0,0,1,0
04013111203,04013111203,Arizona,Maricopa County,1,1410,1,25.5933290570879,45298.0,1,1,1
04013111204,04013111204,Arizona,Maricopa County,1,2154,1,11.5585984695932,52500.0,1,1,0
04013111300,04013111300,Arizona,Maricopa County,1,5447,0,13.565957446808499,58071.0,0,0,0
04013111401,04013111401,Arizona,Maricopa County,1,4310,1,24.334834220220998,50668.0,0,1,0
04013111402,04013111402,Arizona,Maricopa County,1,4150,1,24.0193816335948,41556.0,0,1,1
04013111501,04013111501,Arizona,Maricopa County,1,2115,1,40.8429503261415,34960.0,0,0,0
04013111502,04013111502,Arizona,Maricopa County,1,6524,1,30.1819266328661,39821.0,0,1,1
04013111601,04013111601,Arizona,Maricopa County,1,3161,1,20.1799100449775,45469.0,0,1,0
04013111602,04013111602,Arizona,Maricopa County,1,5055,1,40.103016924209,32188.0,1,1,1
04013111700,04013111700,Arizona,Maricopa County,1,5647,1,24.2153170119272,72689.0,1,1,1
04013111800,04013111800,Arizona,Maricopa County,1,3487,0,13.801961700140101,131500.0,0,0,0
04013111900,04013111900,Arizona,Maricopa County,1,2238,0,9.41611842105263,115893.0,0,0,0
04013112100,04013112100,Arizona,Maricopa County,1,3838,1,43.021472392637996,30647.0,1,1,0
04013112201,04013112201,Arizona,Maricopa County,1,4400,1,24.458464773922202,34375.0,0,1,1
04013112202,04013112202,Arizona,Maricopa County,1,4305,1,33.8303821062442,41105.0,0,1,1
04013112301,04013112301,Arizona,Maricopa County,1,5017,1,38.785128294641304,35096.0,0,1,0
04013112302,04013112302,Arizona,Maricopa County,1,6754,1,35.8277806253203,35231.0,1,1,1
04013112401,04013112401,Arizona,Maricopa County,1,5377,1,30.500168976005398,39118.0,0,1,1
04013112402,04013112402,Arizona,Maricopa County,1,4999,1,17.3793577193886,51667.0,0,1,0
04013112502,04013112502,Arizona,Maricopa County,1,5397,1,24.6275906735751,44219.0,0,1,0
04013112503,04013112503,Arizona,Maricopa County,1,7944,1,29.3966755592038,42677.0,0,1,0
04013112504,04013112504,Arizona,Maricopa County,1,3596,1,34.4390026714159,36401.0,0,0,0
04013112505,04013112505,Arizona,Maricopa County,1,8369,1,36.065741118824,36383.0,1,1,1
04013112507,04013112507,Arizona,Maricopa County,1,2399,1,45.4361737958909,28298.0,0,1,0
04013112508,04013112508,Arizona,Maricopa County,1,2148,1,36.7640449438202,32717.0,1,1,0
04013112509,04013112509,Arizona,Maricopa County,1,6909,1,27.761552997766696,39538.0,0,1,1
04013112510,04013112510,Arizona,Maricopa County,1,4162,0,12.675210252302799,63194.0,0,0,0
04013112511,04013112511,Arizona,Maricopa County,1,6816,0,14.6616166650055,69444.0,0,0,0
04013112512,04013112512,Arizona,Maricopa County,1,1796,1,27.2006344171293,32036.0,1,1,0
04013112513,04013112513,Arizona,Maricopa County,1,8131,1,16.8279895140149,49265.0,1,1,0
04013112514,04013112514,Arizona,Maricopa County,1,3633,0,15.0772399588054,64663.0,0,0,0
04013112601,04013112601,Arizona,Maricopa County,1,3009,1,47.476798143851504,27292.0,0,1,0
04013112602,04013112602,Arizona,Maricopa County,1,7935,1,41.9031719532554,32524.0,0,1,1
04013112700,04013112700,Arizona,Maricopa County,1,6740,1,40.3541606680104,28448.0,0,1,0
04013112900,04013112900,Arizona,Maricopa County,1,4805,1,30.9533150255002,39539.0,1,1,1
04013113000,04013113000,Arizona,Maricopa County,1,1895,0,14.5283018867925,86250.0,0,0,0
04013113100,04013113100,Arizona,Maricopa County,1,2808,1,38.2509505703422,47396.0,1,1,1
04013113201,04013113201,Arizona,Maricopa County,1,2666,1,48.9507959479016,25658.0,0,1,0
04013113202,04013113202,Arizona,Maricopa County,1,2061,1,41.2400187881635,25352.0,0,1,1
04013113203,04013113203,Arizona,Maricopa County,1,2317,1,32.5531148721642,35391.0,0,1,0
04013113300,04013113300,Arizona,Maricopa County,1,5175,1,61.3532979529947,20596.0,0,0,0
04013113400,04013113400,Arizona,Maricopa County,1,684,0,0.0,,0,0,0
04013113501,04013113501,Arizona,Maricopa County,1,4416,1,38.324346744089596,32100.0,0,1,0
04013113502,04013113502,Arizona,Maricopa County,1,2638,1,40.796460176991204,28796.0,0,1,0
04013113601,04013113601,Arizona,Maricopa County,1,3957,1,27.669088876467303,34763.0,0,1,0
04013113602,04013113602,Arizona,Maricopa County,1,3400,1,48.26482894413,22759.0,0,1,1
04013113700,04013113700,Arizona,Maricopa County,1,7720,1,33.6844515685826,36830.0,0,1,1
04013113801,04013113801,Arizona,Maricopa County,1,2135,1,29.686137750653902,42738.0,1,1,1
04013113802,04013113802,Arizona,Maricopa County,1,17,0,0.0,,0,0,0
04013113900,04013113900,Arizona,Maricopa County,1,1372,1,63.2052330335241,20403.0,0,1,0
04013114000,04013114000,Arizona,Maricopa County,1,2614,1,27.367377293009397,21897.0,1,1,1
04013114100,04013114100,Arizona,Maricopa County,1,2401,1,26.327683615819197,148036.0,1,1,1
04013114200,04013114200,Arizona,Maricopa County,1,1539,1,53.8821328344247,22500.0,1,1,1
04013114301,04013114301,Arizona,Maricopa County,1,1570,1,49.740034662045105,44444.0,1,1,0
04013114302,04013114302,Arizona,Maricopa County,1,2477,1,44.1929133858268,22017.0,1,1,1
04013114401,04013114401,Arizona,Maricopa County,1,1724,1,43.193069306930695,33456.0,0,1,0
04013114402,04013114402,Arizona,Maricopa County,1,2014,1,35.6435643564356,37857.0,1,1,0
04013114500,04013114500,Arizona,Maricopa County,1,4198,1,31.4594594594595,30000.0,0,1,0
04013114600,04013114600,Arizona,Maricopa County,1,1914,1,32.2314049586777,55833.0,0,1,0
04013114703,04013114703,Arizona,Maricopa County,1,8071,1,55.6939501779359,24293.0,1,1,0
04013114800,04013114800,Arizona,Maricopa County,1,3285,1,44.6457990115321,34758.0,1,1,0
04013114900,04013114900,Arizona,Maricopa County,1,2663,1,48.6024196912808,25288.0,1,1,1
04013115200,04013115200,Arizona,Maricopa County,1,2623,1,30.538172715894902,35556.0,1,1,0
04013115300,04013115300,Arizona,Maricopa County,1,2323,1,37.4844720496894,33276.0,1,1,1
04013115400,04013115400,Arizona,Maricopa County,1,2232,1,41.762767710049395,34417.0,0,1,0
04013115500,04013115500,Arizona,Maricopa County,1,3699,1,26.860687022900798,47829.0,1,1,0
04013115600,04013115600,Arizona,Maricopa County,1,3864,1,30.4564907275321,40489.0,1,1,0
04013115700,04013115700,Arizona,Maricopa County,1,6427,1,27.8153315115777,37004.0,1,1,1
04013115801,04013115801,Arizona,Maricopa County,1,3862,1,38.1350482315113,29583.0,0,0,0
04013115802,04013115802,Arizona,Maricopa County,1,3389,1,37.9657329344574,34178.0,0,1,0
04013115900,04013115900,Arizona,Maricopa County,1,5332,1,24.406779661017,46389.0,0,1,1
04013116000,04013116000,Arizona,Maricopa County,1,5558,1,25.1359516616314,48063.0,1,1,1
04013116100,04013116100,Arizona,Maricopa County,1,3963,1,28.271634048573503,38222.0,1,1,1
04013116202,04013116202,Arizona,Maricopa County,1,5033,1,20.2961837858363,50873.0,0,1,0
04013116203,04013116203,Arizona,Maricopa County,1,4760,0,15.831477357089799,61339.0,0,0,0
04013116204,04013116204,Arizona,Maricopa County,1,3638,1,31.9693094629156,46103.0,0,1,0
04013116205,04013116205,Arizona,Maricopa County,1,4256,1,26.3028405278461,51250.0,0,1,0
04013116300,04013116300,Arizona,Maricopa County,1,6118,1,22.7343861146678,54601.0,0,1,1
04013116400,04013116400,Arizona,Maricopa County,1,5604,1,23.0104977988486,39577.0,0,1,0
04013116500,04013116500,Arizona,Maricopa County,1,4920,1,23.007081895768998,45888.0,0,1,0
04013116602,04013116602,Arizona,Maricopa County,1,7325,1,38.1630309988519,44583.0,0,1,1
04013116603,04013116603,Arizona,Maricopa County,1,5736,0,13.414297543472301,74409.0,0,0,0
04013116604,04013116604,Arizona,Maricopa County,1,4000,1,26.544381193337603,66826.0,0,1,0
04013116605,04013116605,Arizona,Maricopa County,1,5066,0,16.1776002458135,60798.0,0,0,0
04013116606,04013116606,Arizona,Maricopa County,1,5663,1,17.1591258848877,56744.0,0,1,0
04013116607,04013116607,Arizona,Maricopa County,1,2526,1,27.361111111111104,63676.0,0,1,0
04013116608,04013116608,Arizona,Maricopa County,1,3553,1,24.5821261421885,54056.0,1,1,0
04013116609,04013116609,Arizona,Maricopa County,1,3176,0,6.738595494983909,96450.0,0,0,0
04013116610,04013116610,Arizona,Maricopa County,1,4437,0,15.5278442090878,94081.0,0,0,0
04013116611,04013116611,Arizona,Maricopa County,1,3217,0,7.6042518397383505,92422.0,0,0,0
04013116612,04013116612,Arizona,Maricopa County,1,4862,0,6.813996316758749,86190.0,0,0,0
04013116613,04013116613,Arizona,Maricopa County,1,6489,0,6.28356605800215,85072.0,0,0,0
04013116702,04013116702,Arizona,Maricopa County,1,7839,1,25.161632220455697,56985.0,1,1,1
04013116703,04013116703,Arizona,Maricopa County,1,4448,0,7.78679534985743,71818.0,0,0,0
04013116704,04013116704,Arizona,Maricopa County,1,7105,0,7.350230414746541,98073.0,0,0,0
04013116707,04013116707,Arizona,Maricopa County,1,2738,0,4.08773678963111,107105.0,0,0,0
04013116708,04013116708,Arizona,Maricopa County,1,5033,0,4.908326967150501,74494.0,0,0,0
04013116709,04013116709,Arizona,Maricopa County,1,1789,0,6.81818181818182,71667.0,0,0,0
04013116710,04013116710,Arizona,Maricopa County,1,4638,0,3.58842188739096,150563.0,0,0,0
04013116711,04013116711,Arizona,Maricopa County,1,1878,0,9.723991507431,71389.0,0,0,0
04013116712,04013116712,Arizona,Maricopa County,1,6397,0,2.6677231907025902,92580.0,0,0,0
04013116713,04013116713,Arizona,Maricopa County,1,6104,0,9.97702658352478,108558.0,0,0,0
04013116714,04013116714,Arizona,Maricopa County,1,3295,0,3.7116154873164198,117697.0,0,0,0
04013116715,04013116715,Arizona,Maricopa County,1,2075,0,3.7270087124879003,104722.0,0,0,0
04013116717,04013116717,Arizona,Maricopa County,1,4021,1,11.885369532428399,57208.0,0,0,0
04013116718,04013116718,Arizona,Maricopa County,1,2599,0,8.77668586919688,63043.0,0,0,0
04013116719,04013116719,Arizona,Maricopa County,1,6404,0,3.661850951223,123725.0,0,0,0
04013116720,04013116720,Arizona,Maricopa County,1,3774,0,8.81809787626962,76027.0,0,0,0
04013116721,04013116721,Arizona,Maricopa County,1,3536,0,4.450704225352109,126078.0,0,0,0
04013116725,04013116725,Arizona,Maricopa County,1,4773,0,4.70635559131134,121000.0,0,0,0
04013116727,04013116727,Arizona,Maricopa County,1,4065,0,3.74431666220915,157315.0,0,0,0
04013116728,04013116728,Arizona,Maricopa County,1,4612,0,0.847457627118644,155563.0,0,0,0
04013116729,04013116729,Arizona,Maricopa County,1,4303,0,4.60603226560673,160648.0,0,0,0
04013116730,04013116730,Arizona,Maricopa County,1,1793,0,1.00688924218336,145521.0,0,0,0
04013116731,04013116731,Arizona,Maricopa County,1,3234,0,1.6747181964573299,136016.0,0,0,0
04013116732,04013116732,Arizona,Maricopa County,1,3446,0,18.6046511627907,70429.0,0,0,0
04013116733,04013116733,Arizona,Maricopa County,0,283,0,16.8032786885246,250001.0,0,0,0
04013116800,04013116800,Arizona,Maricopa County,1,2655,1,33.3460365853659,43304.0,1,1,1
04013116900,04013116900,Arizona,Maricopa County,1,2387,1,39.4392523364486,35909.0,0,1,0
04013117000,04013117000,Arizona,Maricopa County,1,5678,1,30.0257147178944,45953.0,0,1,1
04013117100,04013117100,Arizona,Maricopa County,1,2600,0,14.6487985212569,67917.0,0,0,0
04013117200,04013117200,Arizona,Maricopa County,1,1353,1,30.353982300885,47586.0,1,1,0
04013117300,04013117300,Arizona,Maricopa County,1,1677,1,58.7064676616915,16319.0,1,1,1
04013216806,04013216806,Arizona,Maricopa County,1,2967,0,5.90339892665474,121806.0,0,0,0
04013216807,04013216807,Arizona,Maricopa County,1,4911,0,4.66587584025306,130560.0,0,0,0
04013216809,04013216809,Arizona,Maricopa County,1,4939,0,3.4092948142831503,215571.0,0,0,0
04013216810,04013216810,Arizona,Maricopa County,1,1318,0,11.6124751161248,62292.0,0,0,0
04013216813,04013216813,Arizona,Maricopa County,1,4041,0,3.79931807111544,138661.0,0,0,0
04013216816,04013216816,Arizona,Maricopa County,1,5531,0,8.22938850015211,129357.0,0,0,0
04013216818,04013216818,Arizona,Maricopa County,1,6644,0,5.524475524475521,77813.0,0,0,0
04013216819,04013216819,Arizona,Maricopa County,1,6086,0,2.34852043212776,97357.0,0,0,0
04013216820,04013216820,Arizona,Maricopa County,1,4061,0,5.01015572105619,91651.0,0,0,0
04013216821,04013216821,Arizona,Maricopa County,1,5737,0,3.7898628870744098,117444.0,0,0,0
04013216822,04013216822,Arizona,Maricopa County,1,4156,0,4.22138836772983,128843.0,0,0,0
04013216826,04013216826,Arizona,Maricopa County,1,4521,0,11.6250309176354,83333.0,0,0,0
04013216829,04013216829,Arizona,Maricopa County,0,4690,0,0.939476061427281,141947.0,0,0,0
04013216830,04013216830,Arizona,Maricopa County,1,3144,0,12.146629388008702,75526.0,0,0,0
04013216831,04013216831,Arizona,Maricopa County,1,2896,0,3.79746835443038,156848.0,0,0,0
04013216832,04013216832,Arizona,Maricopa County,1,2268,0,10.9268292682927,133158.0,0,0,0
04013216833,04013216833,Arizona,Maricopa County,1,4498,0,3.3052884615384603,90481.0,0,0,0
04013216834,04013216834,Arizona,Maricopa County,1,2218,0,3.8478747203579395,138452.0,0,0,0
04013216835,04013216835,Arizona,Maricopa County,1,2483,0,11.071807569861999,116979.0,0,0,0
04013216836,04013216836,Arizona,Maricopa County,1,3580,0,8.467836257309939,143421.0,0,0,0
04013216837,04013216837,Arizona,Maricopa County,1,4608,0,6.43044619422572,74609.0,0,0,0
04013216838,04013216838,Arizona,Maricopa County,1,4791,0,2.57104194857916,138125.0,0,0,0
04013216839,04013216839,Arizona,Maricopa County,1,3953,0,1.9212062256809301,148210.0,0,0,0
04013216840,04013216840,Arizona,Maricopa County,1,4594,0,3.54166666666667,153636.0,0,0,0
04013216841,04013216841,Arizona,Maricopa County,1,3056,0,4.97282608695652,143393.0,0,0,0
04013216842,04013216842,Arizona,Maricopa County,1,3556,0,5.33333333333333,167961.0,0,0,0
04013216843,04013216843,Arizona,Maricopa County,1,3314,0,6.77624958067762,130357.0,0,0,0
04013216844,04013216844,Arizona,Maricopa County,1,2965,0,5.54664221865689,112143.0,0,0,0
04013216845,04013216845,Arizona,Maricopa County,1,1892,0,9.31304748732135,75179.0,0,0,0
04013216846,04013216846,Arizona,Maricopa County,1,6585,0,6.54835603246664,127922.0,0,0,0
04013216847,04013216847,Arizona,Maricopa County,1,5825,0,3.8613726292809405,157552.0,0,0,0
04013216848,04013216848,Arizona,Maricopa County,1,6026,0,6.18313404657017,144219.0,0,0,0
04013216849,04013216849,Arizona,Maricopa County,0,6736,0,3.12942286523038,177404.0,0,0,0
04013216850,04013216850,Arizona,Maricopa County,1,4168,0,4.31671283471837,95556.0,0,0,0
04013216851,04013216851,Arizona,Maricopa County,0,4143,0,0.533721494420184,204526.0,0,0,0
04013216852,04013216852,Arizona,Maricopa County,1,2861,0,5.93698175787728,88750.0,0,0,0
04013216853,04013216853,Arizona,Maricopa County,1,4516,0,7.271669575334499,88298.0,0,0,0
04013216901,04013216901,Arizona,Maricopa County,1,2705,0,12.703379224030002,107669.0,0,0,0
04013216902,04013216902,Arizona,Maricopa County,1,3930,0,5.270793036750479,93000.0,0,0,0
04013217001,04013217001,Arizona,Maricopa County,1,3890,0,7.7092071100459405,91186.0,0,0,0
04013217002,04013217002,Arizona,Maricopa County,1,5351,0,4.3227161358067905,82460.0,0,0,0
04013217101,04013217101,Arizona,Maricopa County,1,2466,0,11.580817051509799,76111.0,0,0,0
04013217102,04013217102,Arizona,Maricopa County,1,2472,0,13.886146758802202,75742.0,0,0,0
04013217201,04013217201,Arizona,Maricopa County,1,1383,0,10.6474820143885,94107.0,0,0,0
04013217203,04013217203,Arizona,Maricopa County,1,2804,0,10.7634205557054,71429.0,0,0,0
04013217204,04013217204,Arizona,Maricopa County,1,3166,1,30.9961046188091,51136.0,0,1,0
04013217300,04013217300,Arizona,Maricopa County,1,2755,0,6.41180740382289,128929.0,0,0,0
04013217400,04013217400,Arizona,Maricopa County,1,3085,0,7.49027237354086,120313.0,0,0,0
04013217501,04013217501,Arizona,Maricopa County,1,3293,1,33.061325420375894,44706.0,0,1,0
04013217502,04013217502,Arizona,Maricopa County,1,2754,0,9.24202127659575,77237.0,0,0,0
04013217600,04013217600,Arizona,Maricopa County,1,4298,1,20.413191811978802,42101.0,0,1,0
04013217700,04013217700,Arizona,Maricopa County,1,4917,0,14.7827687776141,84167.0,0,0,0
04013217800,04013217800,Arizona,Maricopa County,1,6059,0,10.5805669243596,90077.0,0,0,0
04013217900,04013217900,Arizona,Maricopa County,1,3719,0,9.152621722846439,88214.0,0,0,0
04013218000,04013218000,Arizona,Maricopa County,1,5388,0,10.5351170568562,82500.0,0,0,0
04013218100,04013218100,Arizona,Maricopa County,1,1861,0,10.5609114811569,89688.0,0,0,0
04013218200,04013218200,Arizona,Maricopa County,1,5264,0,12.1528184694715,75493.0,0,0,0
04013218300,04013218300,Arizona,Maricopa County,1,3953,1,14.5466405740378,48224.0,1,1,1
04013318400,04013318400,Arizona,Maricopa County,1,4650,1,27.2308781869688,57838.0,0,1,0
04013318501,04013318501,Arizona,Maricopa County,1,3200,1,20.5449591280654,44224.0,0,1,0
04013318700,04013318700,Arizona,Maricopa County,1,2675,1,42.5332290852228,125625.0,1,1,0
04013318800,04013318800,Arizona,Maricopa County,1,6057,1,27.638475704774002,54730.0,0,0,0
04013318900,04013318900,Arizona,Maricopa County,1,6254,1,24.8571009819727,49932.0,1,1,1
04013319000,04013319000,Arizona,Maricopa County,1,9107,1,37.5798722044728,102031.0,0,1,0
04013319101,04013319101,Arizona,Maricopa County,1,2942,1,70.8320349018386,22396.0,0,1,1
04013319103,04013319103,Arizona,Maricopa County,1,4504,1,56.7000385059684,36440.0,0,1,1
04013319104,04013319104,Arizona,Maricopa County,1,5102,1,46.465390279823296,40344.0,0,0,0
04013319201,04013319201,Arizona,Maricopa County,1,5305,1,50.2312230904162,19630.0,0,1,1
04013319202,04013319202,Arizona,Maricopa County,1,3232,1,37.3845695561513,43643.0,0,1,1
04013319300,04013319300,Arizona,Maricopa County,1,2420,1,35.2962043277758,27604.0,0,0,0
04013319401,04013319401,Arizona,Maricopa County,1,5480,0,15.5378486055777,74185.0,0,0,0
04013319402,04013319402,Arizona,Maricopa County,1,4088,0,7.93774319066148,78750.0,0,0,0
04013319403,04013319403,Arizona,Maricopa County,1,4520,1,21.9704843067969,61629.0,0,1,0
04013319404,04013319404,Arizona,Maricopa County,1,3333,0,9.27717700626067,78833.0,0,0,0
04013319500,04013319500,Arizona,Maricopa County,1,5449,0,19.720740508315,85469.0,0,0,0
04013319600,04013319600,Arizona,Maricopa County,1,5436,1,20.8987715751827,76056.0,0,1,1
04013319703,04013319703,Arizona,Maricopa County,1,4348,1,14.9511645379414,49879.0,0,1,0
04013319704,04013319704,Arizona,Maricopa County,1,1483,0,17.7345537757437,81161.0,0,0,0
04013319705,04013319705,Arizona,Maricopa County,1,3412,1,27.709262660719,46213.0,0,1,0
04013319706,04013319706,Arizona,Maricopa County,1,4946,1,16.3520903157523,57109.0,0,1,0
04013319800,04013319800,Arizona,Maricopa County,1,6595,1,19.7863310405386,52847.0,0,0,0
04013319902,04013319902,Arizona,Maricopa County,1,2472,0,9.38181818181818,86477.0,0,0,0
04013319903,04013319903,Arizona,Maricopa County,1,5666,0,6.45463049579046,91144.0,0,0,0
04013319904,04013319904,Arizona,Maricopa County,1,4865,0,4.2942494398805096,96250.0,0,0,0
04013319905,04013319905,Arizona,Maricopa County,1,4790,0,11.1354109713869,77500.0,0,0,0
04013319906,04013319906,Arizona,Maricopa County,1,3173,0,7.98882681564246,127222.0,0,0,0
04013319907,04013319907,Arizona,Maricopa County,1,2225,0,0.285035629453682,142000.0,0,0,0
04013319908,04013319908,Arizona,Maricopa County,1,2211,0,9.81735159817352,66250.0,0,0,0
04013319909,04013319909,Arizona,Maricopa County,1,2278,0,6.661283811061771,95938.0,0,0,0
04013319910,04013319910,Arizona,Maricopa County,1,4011,0,7.294072363356429,121900.0,0,0,0
04013320001,04013320001,Arizona,Maricopa County,1,7023,0,11.9448698315467,73489.0,0,0,0
04013320002,04013320002,Arizona,Maricopa County,1,5523,1,32.7244340359094,39332.0,1,1,1
04013320007,04013320007,Arizona,Maricopa County,1,6674,1,14.9839976723887,53642.0,0,1,0
04013320100,04013320100,Arizona,Maricopa County,1,2558,1,25.9247936410884,80096.0,0,1,0
04013420104,04013420104,Arizona,Maricopa County,1,5068,0,11.432901161811799,68221.0,0,0,0
04013420105,04013420105,Arizona,Maricopa County,1,5195,0,6.37150792354191,92661.0,0,0,0
04013420107,04013420107,Arizona,Maricopa County,1,6556,0,3.20070474232859,121157.0,0,0,0
04013420108,04013420108,Arizona,Maricopa County,1,1406,0,10.6806862202546,126827.0,0,0,0
04013420109,04013420109,Arizona,Maricopa County,1,3838,0,2.52767913097974,132826.0,0,0,0
04013420110,04013420110,Arizona,Maricopa County,1,4865,0,5.53330906443393,102063.0,0,0,0
04013420111,04013420111,Arizona,Maricopa County,1,3948,0,18.919624217119,66818.0,0,0,0
04013420112,04013420112,Arizona,Maricopa County,1,3272,0,2.52356339312861,82981.0,0,0,0
04013420113,04013420113,Arizona,Maricopa County,1,3380,1,22.6820747110992,35750.0,1,1,1
04013420114,04013420114,Arizona,Maricopa County,1,3275,1,24.821063394682998,53000.0,1,1,0
04013420115,04013420115,Arizona,Maricopa County,1,2577,1,32.787937119024704,52960.0,0,1,0
04013420116,04013420116,Arizona,Maricopa County,1,2865,1,12.837557125051898,51161.0,0,1,0
04013420202,04013420202,Arizona,Maricopa County,1,5087,1,6.213817059050561,54278.0,1,1,0
04013420206,04013420206,Arizona,Maricopa County,1,3595,0,13.0720745409701,58789.0,0,0,0
04013420207,04013420207,Arizona,Maricopa County,1,2709,0,1.8899763752953098,123580.0,0,0,0
04013420208,04013420208,Arizona,Maricopa County,1,5279,0,13.517441860465098,72287.0,0,0,0
04013420209,04013420209,Arizona,Maricopa County,1,3980,0,5.98503740648379,76875.0,0,0,0
04013420210,04013420210,Arizona,Maricopa County,1,5049,0,15.191869633783101,64318.0,0,0,0
04013420211,04013420211,Arizona,Maricopa County,1,4648,0,3.24778560072678,94273.0,0,0,0
04013420212,04013420212,Arizona,Maricopa County,1,2825,0,6.74865972879218,77212.0,0,0,0
04013420213,04013420213,Arizona,Maricopa County,1,1753,0,9.43496801705757,66204.0,0,0,0
04013420214,04013420214,Arizona,Maricopa County,1,3511,1,18.595679012345702,41907.0,1,1,1
04013420215,04013420215,Arizona,Maricopa County,1,1760,0,14.795678722404901,87975.0,0,0,0
04013420216,04013420216,Arizona,Maricopa County,1,3889,0,8.676361843726891,79770.0,0,0,0
04013420301,04013420301,Arizona,Maricopa County,1,2224,0,8.81076388888889,91154.0,0,0,0
04013420302,04013420302,Arizona,Maricopa County,1,4939,0,10.6279251170047,106379.0,0,0,0
04013420303,04013420303,Arizona,Maricopa County,1,4139,0,8.672027820039121,88477.0,0,0,0
04013420304,04013420304,Arizona,Maricopa County,1,1081,0,4.72069236821401,122132.0,0,0,0
04013420401,04013420401,Arizona,Maricopa County,1,4654,1,39.368770764119596,40682.0,1,1,0
04013420402,04013420402,Arizona,Maricopa County,1,1625,0,3.43671416596815,117656.0,0,0,0
04013420501,04013420501,Arizona,Maricopa County,1,6278,1,22.0323466585291,49844.0,1,1,1
04013420503,04013420503,Arizona,Maricopa County,1,3430,1,29.2551761226136,45625.0,0,0,0
04013420504,04013420504,Arizona,Maricopa County,1,3238,0,4.78943022295623,70968.0,0,0,0
04013420602,04013420602,Arizona,Maricopa County,1,4746,0,12.4463519313305,74490.0,0,0,0
04013420603,04013420603,Arizona,Maricopa County,1,3682,0,8.544877606527649,80625.0,0,0,0
04013420604,04013420604,Arizona,Maricopa County,1,4273,0,5.81320795041676,96882.0,0,0,0
04013420704,04013420704,Arizona,Maricopa County,1,4910,0,7.75492716366752,77917.0,0,0,0
04013420705,04013420705,Arizona,Maricopa County,1,3569,0,7.065079767029631,134276.0,0,0,0
04013420706,04013420706,Arizona,Maricopa County,1,4300,0,10.2412101390025,90625.0,0,0,0
04013420707,04013420707,Arizona,Maricopa County,1,2276,1,21.2818405916187,43750.0,0,0,0
04013420708,04013420708,Arizona,Maricopa County,1,3754,1,18.2311448724905,45259.0,0,1,1
04013420709,04013420709,Arizona,Maricopa County,1,2626,1,15.934230194319902,52422.0,0,1,0
04013420710,04013420710,Arizona,Maricopa County,1,2987,1,24.465811965812,45658.0,0,1,0
04013420800,04013420800,Arizona,Maricopa County,1,4745,0,14.9623042721825,59861.0,0,0,0
04013420901,04013420901,Arizona,Maricopa County,1,3158,1,21.8018018018018,51835.0,0,1,0
04013420902,04013420902,Arizona,Maricopa County,1,3363,0,16.3800394699746,68134.0,0,0,0
04013421001,04013421001,Arizona,Maricopa County,1,3556,1,23.3597883597884,48125.0,1,1,1
04013421002,04013421002,Arizona,Maricopa County,1,2646,1,30.253837072018904,32313.0,0,1,0
04013421101,04013421101,Arizona,Maricopa County,1,3886,1,15.223555070883299,49133.0,1,1,1
04013421102,04013421102,Arizona,Maricopa County,1,5280,1,28.3764367816092,50385.0,1,1,1
04013421201,04013421201,Arizona,Maricopa County,1,4806,0,8.08777429467085,68620.0,0,0,0
04013421202,04013421202,Arizona,Maricopa County,1,3764,1,14.738393515106901,56417.0,0,1,1
04013421302,04013421302,Arizona,Maricopa County,1,5978,1,23.9823008849558,34765.0,0,1,1
04013421303,04013421303,Arizona,Maricopa County,1,4773,1,22.8411280434402,37727.0,0,1,0
04013421304,04013421304,Arizona,Maricopa County,1,2918,1,36.3185621320112,41300.0,0,0,0
04013421400,04013421400,Arizona,Maricopa County,1,2415,1,32.5490196078431,31233.0,1,1,1
04013421501,04013421501,Arizona,Maricopa County,1,3423,1,23.2622333751568,48686.0,0,1,1
04013421502,04013421502,Arizona,Maricopa County,1,3390,1,29.0634441087613,41349.0,0,1,0
04013421601,04013421601,Arizona,Maricopa County,1,3326,1,18.8982213438735,46172.0,0,1,0
04013421602,04013421602,Arizona,Maricopa County,1,4174,1,38.370430876046605,36250.0,0,1,0
04013421701,04013421701,Arizona,Maricopa County,1,4601,1,22.9575004851543,42429.0,0,1,1
04013421702,04013421702,Arizona,Maricopa County,1,3404,1,40.0759946356728,32465.0,0,1,0
04013421801,04013421801,Arizona,Maricopa County,1,2733,0,10.7960038672253,69813.0,0,0,0
04013421802,04013421802,Arizona,Maricopa County,1,4734,1,28.3110119047619,51694.0,0,1,1
04013421901,04013421901,Arizona,Maricopa County,1,4001,1,21.8687872763419,51250.0,0,1,0
04013421902,04013421902,Arizona,Maricopa County,1,5902,1,42.1177213192362,29271.0,0,1,1
04013422001,04013422001,Arizona,Maricopa County,1,4126,1,31.9186173703785,38250.0,1,1,0
04013422002,04013422002,Arizona,Maricopa County,1,3885,1,39.555979947481504,35361.0,0,1,1
04013422102,04013422102,Arizona,Maricopa County,1,4354,1,42.8935086974968,29474.0,0,0,0
04013422103,04013422103,Arizona,Maricopa County,1,4903,1,22.6052848885219,39226.0,0,0,0
04013422104,04013422104,Arizona,Maricopa County,1,5807,1,24.2694555521378,48451.0,0,1,0
04013422105,04013422105,Arizona,Maricopa County,1,3178,1,23.3034940802772,50161.0,0,1,0
04013422106,04013422106,Arizona,Maricopa County,1,5624,1,30.886661526599802,33300.0,0,1,0
04013422107,04013422107,Arizona,Maricopa County,1,3688,1,23.001370488807698,42583.0,0,0,0
04013422203,04013422203,Arizona,Maricopa County,1,4454,1,27.234585917548298,47063.0,0,1,1
04013422204,04013422204,Arizona,Maricopa County,1,2794,0,10.8688005627858,73047.0,0,0,0
04013422205,04013422205,Arizona,Maricopa County,1,1384,0,3.0826140567201,88636.0,0,0,0
04013422209,04013422209,Arizona,Maricopa County,1,6520,0,7.97189981673793,80638.0,0,0,0
04013422210,04013422210,Arizona,Maricopa County,1,5314,0,6.571640133283969,90543.0,0,0,0
04013422211,04013422211,Arizona,Maricopa County,1,2679,0,13.5657446002274,78472.0,0,0,0
04013422212,04013422212,Arizona,Maricopa County,1,4142,0,9.385113268608409,101107.0,0,0,0
04013422213,04013422213,Arizona,Maricopa County,1,2455,0,7.96526991317478,87083.0,0,0,0
04013422215,04013422215,Arizona,Maricopa County,1,2006,0,4.5790934320074,70451.0,0,0,0
04013422216,04013422216,Arizona,Maricopa County,1,5129,0,11.4077669902913,88342.0,0,0,0
04013422217,04013422217,Arizona,Maricopa County,1,3527,0,14.5757997218359,72167.0,0,0,0
04013422218,04013422218,Arizona,Maricopa County,1,3095,0,6.510138740661691,68542.0,0,0,0
04013422219,04013422219,Arizona,Maricopa County,1,2923,0,16.4331210191083,65219.0,0,0,0
04013422220,04013422220,Arizona,Maricopa County,1,1974,0,14.471707561342,101000.0,0,0,0
04013422221,04013422221,Arizona,Maricopa County,1,4075,0,12.3693379790941,66744.0,0,0,0
04013422222,04013422222,Arizona,Maricopa County,1,2143,0,9.81704596162428,98125.0,0,0,0
04013422301,04013422301,Arizona,Maricopa County,1,5617,1,22.5423118473172,47479.0,0,1,0
04013422302,04013422302,Arizona,Maricopa County,1,4774,0,10.0263355906697,62064.0,0,0,0
04013422304,04013422304,Arizona,Maricopa County,1,2786,1,14.217361585782601,55625.0,1,1,0
04013422305,04013422305,Arizona,Maricopa County,1,5926,0,2.3260107070334097,104938.0,0,0,0
04013422307,04013422307,Arizona,Maricopa County,1,4350,0,12.2203098106713,73333.0,0,0,0
04013422308,04013422308,Arizona,Maricopa County,1,5476,0,5.7137573964497,93235.0,0,0,0
04013422309,04013422309,Arizona,Maricopa County,1,5346,0,5.8984621866442,102727.0,0,0,0
04013422401,04013422401,Arizona,Maricopa County,1,3307,0,4.66417910447761,60357.0,0,0,0
04013422402,04013422402,Arizona,Maricopa County,1,4977,0,10.1981912641909,67642.0,0,0,0
04013422403,04013422403,Arizona,Maricopa County,1,5189,0,4.17007358953393,98237.0,0,0,0
04013422404,04013422404,Arizona,Maricopa County,1,4334,0,3.42765125373821,110804.0,0,0,0
04013422501,04013422501,Arizona,Maricopa County,1,5643,0,11.995122694711199,66694.0,0,0,0
04013422502,04013422502,Arizona,Maricopa County,1,6086,0,6.56636890769472,64663.0,0,0,0
04013422503,04013422503,Arizona,Maricopa County,1,6333,0,14.2876182860189,70028.0,0,0,0
04013422504,04013422504,Arizona,Maricopa County,1,4671,0,14.082840236686401,80278.0,0,0,0
04013422506,04013422506,Arizona,Maricopa County,1,5072,0,6.3610440886159205,91625.0,0,0,0
04013422507,04013422507,Arizona,Maricopa County,1,4523,0,5.180080035571359,115655.0,0,0,0
04013422508,04013422508,Arizona,Maricopa County,1,3670,0,9.62752525252525,84605.0,0,0,0
04013422509,04013422509,Arizona,Maricopa County,1,5113,0,12.718964204112702,83197.0,0,0,0
04013422510,04013422510,Arizona,Maricopa County,1,3416,0,8.60989355040701,125500.0,0,0,0
04013422511,04013422511,Arizona,Maricopa County,1,3044,0,2.62877442273535,101813.0,0,0,0
04013422512,04013422512,Arizona,Maricopa County,1,5037,0,5.7193396226415105,99091.0,0,0,0
04013422513,04013422513,Arizona,Maricopa County,1,4280,0,9.59254947613504,70473.0,0,0,0
04013422514,04013422514,Arizona,Maricopa County,1,4352,0,13.614035087719301,70402.0,0,0,0
04013422606,04013422606,Arizona,Maricopa County,1,9135,0,4.73016754605202,121801.0,0,0,0
04013422607,04013422607,Arizona,Maricopa County,1,4148,0,6.987771400049909,61748.0,0,0,0
04013422609,04013422609,Arizona,Maricopa County,1,3819,0,9.45584299732382,64833.0,0,0,0
04013422610,04013422610,Arizona,Maricopa County,1,3039,1,6.32539941310727,56027.0,1,1,1
04013422615,04013422615,Arizona,Maricopa County,1,6698,0,5.0667828106852495,82784.0,0,0,0
04013422616,04013422616,Arizona,Maricopa County,1,4513,0,11.7052023121387,63750.0,0,0,0
04013422617,04013422617,Arizona,Maricopa County,1,5866,0,14.0112620072872,88043.0,0,0,0
04013422618,04013422618,Arizona,Maricopa County,1,2954,0,4.09594095940959,58000.0,0,0,0
04013422620,04013422620,Arizona,Maricopa County,1,3261,0,6.483790523690771,100625.0,0,0,0
04013422621,04013422621,Arizona,Maricopa County,1,4302,0,8.52864583333333,96951.0,0,0,0
04013422622,04013422622,Arizona,Maricopa County,1,4237,0,7.106721271982661,85640.0,0,0,0
04013422623,04013422623,Arizona,Maricopa County,1,4812,0,11.3313227057303,83438.0,0,0,0
04013422624,04013422624,Arizona,Maricopa County,1,2771,1,13.4310618066561,53721.0,0,1,0
04013422625,04013422625,Arizona,Maricopa County,1,3724,1,11.987545407369,50016.0,1,1,1
04013422626,04013422626,Arizona,Maricopa County,1,2510,1,13.5377711293942,52881.0,0,1,0
04013422627,04013422627,Arizona,Maricopa County,1,3438,0,16.2357807652534,65871.0,0,0,0
04013422628,04013422628,Arizona,Maricopa County,1,3616,1,21.835925587069198,47008.0,0,1,0
04013422629,04013422629,Arizona,Maricopa County,1,3626,0,10.104529616724701,62770.0,0,0,0
04013422630,04013422630,Arizona,Maricopa County,1,3870,1,24.9336367083807,39745.0,0,1,0
04013422631,04013422631,Arizona,Maricopa County,1,3883,0,12.3242530755712,60735.0,0,0,0
04013422632,04013422632,Arizona,Maricopa County,1,3975,0,13.1104033970276,60833.0,0,0,0
04013422633,04013422633,Arizona,Maricopa County,1,2753,1,12.1286370597243,54083.0,0,1,0
04013422634,04013422634,Arizona,Maricopa County,1,4191,1,18.4371700105597,53180.0,1,1,0
04013422635,04013422635,Arizona,Maricopa County,1,1111,0,10.6884057971014,68047.0,0,0,0
04013422636,04013422636,Arizona,Maricopa County,1,2489,0,9.42057548285376,70477.0,0,0,0
04013422637,04013422637,Arizona,Maricopa County,1,3325,0,7.05024311183144,72132.0,0,0,0
04013422638,04013422638,Arizona,Maricopa County,1,4096,0,17.2996706915477,66515.0,0,0,0
04013422639,04013422639,Arizona,Maricopa County,1,3658,0,15.3654485049834,59856.0,0,0,0
04013422640,04013422640,Arizona,Maricopa County,1,4647,0,7.86235186873291,74043.0,0,0,0
04013422641,04013422641,Arizona,Maricopa County,1,6346,0,13.1651921299353,76625.0,0,0,0
04013422642,04013422642,Arizona,Maricopa County,1,5715,0,5.0072046109510095,99219.0,0,0,0
04013422643,04013422643,Arizona,Maricopa County,1,5789,0,6.18707372523547,86136.0,0,0,0
04013422644,04013422644,Arizona,Maricopa County,1,7287,0,3.99196882012519,80108.0,0,0,0
04013422646,04013422646,Arizona,Maricopa County,1,7730,0,1.93363571258057,118837.0,0,0,0
04013522800,04013522800,Arizona,Maricopa County,1,1685,1,28.735632183908,45508.0,1,1,0
04013522901,04013522901,Arizona,Maricopa County,1,4410,0,8.64533696392104,64071.0,0,0,0
04013522903,04013522903,Arizona,Maricopa County,1,5168,1,24.2011956297671,42829.0,0,1,1
04013522904,04013522904,Arizona,Maricopa County,1,4549,1,32.704797821076895,50513.0,0,1,0
04013523002,04013523002,Arizona,Maricopa County,1,5832,1,18.8044614848379,52207.0,0,1,1
04013523003,04013523003,Arizona,Maricopa County,1,6568,0,12.764044943820199,72807.0,0,0,0
04013523005,04013523005,Arizona,Maricopa County,1,4853,0,3.16577540106952,94654.0,0,0,0
04013523006,04013523006,Arizona,Maricopa County,1,5448,0,12.199142762941,60481.0,0,0,0
04013523102,04013523102,Arizona,Maricopa County,1,5327,1,31.4745308310992,45661.0,1,1,0
04013523103,04013523103,Arizona,Maricopa County,1,5839,0,10.6425702811245,85141.0,0,0,0
04013523104,04013523104,Arizona,Maricopa County,1,6026,1,18.4713375796178,56571.0,0,1,1
04013610000,04013610000,Arizona,Maricopa County,1,7044,0,3.2390964625657097,98417.0,0,0,0
04013610100,04013610100,Arizona,Maricopa County,0,1322,0,2.44498777506112,97644.0,0,0,0
04013610200,04013610200,Arizona,Maricopa County,1,7612,0,2.70745904968187,116420.0,0,0,0
04013610300,04013610300,Arizona,Maricopa County,1,8959,0,6.8824252355592,114306.0,0,0,0
04013610400,04013610400,Arizona,Maricopa County,1,5129,0,3.92485119047619,102258.0,0,0,0
04013610500,04013610500,Arizona,Maricopa County,1,6496,0,2.48310314428445,115426.0,0,0,0
04013610600,04013610600,Arizona,Maricopa County,1,5546,0,3.4564958283671,98494.0,0,0,0
04013610700,04013610700,Arizona,Maricopa County,0,7193,0,5.8179877235121396,109333.0,0,0,0
04013610800,04013610800,Arizona,Maricopa County,1,3505,0,2.08114357788522,113819.0,0,0,0
04013610900,04013610900,Arizona,Maricopa County,1,6027,0,2.15031095182882,127198.0,0,0,0
04013611000,04013611000,Arizona,Maricopa County,1,2461,0,1.00259933160045,133365.0,0,0,0
04013611100,04013611100,Arizona,Maricopa County,1,3270,0,4.9668874172185395,126000.0,0,0,0
04013611200,04013611200,Arizona,Maricopa County,1,5911,0,2.64523689938055,146250.0,0,0,0
04013611300,04013611300,Arizona,Maricopa County,1,4659,0,6.0023213397446495,86467.0,0,0,0
04013611400,04013611400,Arizona,Maricopa County,1,6232,0,2.98410638987999,106286.0,0,0,0
04013611500,04013611500,Arizona,Maricopa County,1,5639,0,1.45733969263381,126008.0,0,0,0
04013611600,04013611600,Arizona,Maricopa County,1,3062,0,2.79906697767411,138704.0,0,0,0
04013611700,04013611700,Arizona,Maricopa County,1,6304,0,9.205913732662701,134013.0,0,0,0
04013611800,04013611800,Arizona,Maricopa County,1,6540,0,6.309284277091121,112944.0,0,0,0
04013611900,04013611900,Arizona,Maricopa County,1,3171,0,5.28287748220307,114063.0,0,0,0
04013612000,04013612000,Arizona,Maricopa County,0,2710,0,0.0,150978.0,0,0,0
04013612200,04013612200,Arizona,Maricopa County,0,3383,0,4.22612513721186,129583.0,0,0,0
04013612300,04013612300,Arizona,Maricopa County,1,7278,0,9.25275827482447,108240.0,0,0,0
04013612400,04013612400,Arizona,Maricopa County,0,6840,0,3.0926549445068,119750.0,0,0,0
04013612500,04013612500,Arizona,Maricopa County,1,4306,0,1.9549218031278799,134894.0,0,0,0
04013612600,04013612600,Arizona,Maricopa County,1,2342,0,1.43560295324036,89476.0,0,0,0
04013612700,04013612700,Arizona,Maricopa County,1,2271,0,3.20456540825285,118571.0,0,0,0
04013612800,04013612800,Arizona,Maricopa County,1,2110,0,10.5607476635514,134792.0,0,0,0
04013612900,04013612900,Arizona,Maricopa County,1,2409,0,3.35643925574608,110577.0,0,0,0
04013613000,04013613000,Arizona,Maricopa County,1,2945,0,4.38756855575868,158902.0,0,0,0
04013613100,04013613100,Arizona,Maricopa County,1,2640,0,7.223942208462331,136848.0,0,0,0
04013613200,04013613200,Arizona,Maricopa County,1,3552,0,13.5526008864007,116023.0,0,0,0
04013613300,04013613300,Arizona,Maricopa County,0,7102,0,8.808849318764329,122635.0,0,0,0
04013613400,04013613400,Arizona,Maricopa County,1,3937,0,4.4817927170868295,81764.0,0,0,0
04013613500,04013613500,Arizona,Maricopa County,1,4082,0,7.42655699177438,72353.0,0,0,0
04013613600,04013613600,Arizona,Maricopa County,1,3967,0,3.42055755088079,103516.0,0,0,0
04013613700,04013613700,Arizona,Maricopa County,1,5341,0,5.07624398073836,96273.0,0,0,0
04013613800,04013613800,Arizona,Maricopa County,1,4075,0,0.5831583858175879,105795.0,0,0,0
04013613900,04013613900,Arizona,Maricopa County,1,6154,0,2.27346017413738,103224.0,0,0,0
04013614000,04013614000,Arizona,Maricopa County,1,4398,0,1.5614075972966701,121875.0,0,0,0
04013614100,04013614100,Arizona,Maricopa County,1,5724,0,4.66765140324963,110259.0,0,0,0
04013614200,04013614200,Arizona,Maricopa County,1,4891,0,3.93805309734513,115980.0,0,0,0
04013614300,04013614300,Arizona,Maricopa County,1,3124,0,4.56129236617041,108438.0,0,0,0
04013614400,04013614400,Arizona,Maricopa County,1,3567,0,18.9022826365735,66528.0,0,0,0
04013614500,04013614500,Arizona,Maricopa County,1,4656,0,8.84508466009603,79671.0,0,0,0
04013614600,04013614600,Arizona,Maricopa County,1,6628,0,12.447933354694001,74833.0,0,0,0
04013614700,04013614700,Arizona,Maricopa County,1,2612,1,23.3450704225352,47500.0,1,1,1
04013614800,04013614800,Arizona,Maricopa County,1,4154,0,7.97227036395147,65441.0,0,0,0
04013614900,04013614900,Arizona,Maricopa County,1,3495,0,5.99100165758939,98832.0,0,0,0
04013615000,04013615000,Arizona,Maricopa County,1,6630,0,2.1523178807947003,136712.0,0,0,0
04013615100,04013615100,Arizona,Maricopa County,1,3383,0,0.934153565732513,135833.0,0,0,0
04013615200,04013615200,Arizona,Maricopa County,0,5386,0,4.07213496218732,126039.0,0,0,0
04013615300,04013615300,Arizona,Maricopa County,1,2259,1,15.0864326872708,52188.0,1,1,0
04013615400,04013615400,Arizona,Maricopa County,1,2679,1,7.94152508889767,51202.0,1,1,0
04013615500,04013615500,Arizona,Maricopa County,1,2817,0,5.84441757355905,58224.0,0,0,0
04013615600,04013615600,Arizona,Maricopa County,1,3776,0,9.40373776327499,61985.0,0,0,0
04013615700,04013615700,Arizona,Maricopa County,1,2991,0,4.7942876572594395,100859.0,0,0,0
04013615800,04013615800,Arizona,Maricopa County,1,4906,0,5.438738374444,109875.0,0,0,0
04013615900,04013615900,Arizona,Maricopa County,1,4362,0,15.0200424428201,78795.0,0,0,0
04013616000,04013616000,Arizona,Maricopa County,1,2237,0,9.94082840236686,103125.0,0,0,0
04013616100,04013616100,Arizona,Maricopa County,1,3572,0,10.1133391455972,73199.0,0,0,0
04013616200,04013616200,Arizona,Maricopa County,1,3219,0,5.83333333333333,78182.0,0,0,0
04013616300,04013616300,Arizona,Maricopa County,1,2044,0,12.1541950113379,95563.0,0,0,0
04013616400,04013616400,Arizona,Maricopa County,1,5701,0,5.34176770339132,71029.0,0,0,0
04013616500,04013616500,Arizona,Maricopa County,1,3438,1,14.881516587677702,49345.0,0,1,0
04013616600,04013616600,Arizona,Maricopa County,1,5696,0,6.8405011852353494,60686.0,0,0,0
04013616700,04013616700,Arizona,Maricopa County,1,4738,0,7.603017991874641,78707.0,0,0,0
04013616800,04013616800,Arizona,Maricopa County,1,5595,0,16.130205491907603,65871.0,0,0,0
04013616900,04013616900,Arizona,Maricopa County,1,4288,0,7.13544369486248,81250.0,0,0,0
04013617000,04013617000,Arizona,Maricopa County,1,5891,0,14.3871513102282,71708.0,0,0,0
04013617100,04013617100,Arizona,Maricopa County,1,2222,0,6.66946308724832,96818.0,0,0,0
04013617200,04013617200,Arizona,Maricopa County,1,2538,0,2.77665995975855,92188.0,0,0,0
04013617300,04013617300,Arizona,Maricopa County,1,3030,0,8.69005471515932,86417.0,0,0,0
04013617400,04013617400,Arizona,Maricopa County,1,6813,0,8.23497117760088,60676.0,0,0,0
04013617500,04013617500,Arizona,Maricopa County,1,3316,1,7.07154742096506,54941.0,0,1,0
04013617600,04013617600,Arizona,Maricopa County,1,6106,0,8.12812442140344,79471.0,0,0,0
04013617700,04013617700,Arizona,Maricopa County,1,3318,0,13.879598662207401,73322.0,0,0,0
04013617800,04013617800,Arizona,Maricopa County,1,2613,0,4.683544303797469,124450.0,0,0,0
04013617900,04013617900,Arizona,Maricopa County,1,2691,0,7.99095363739163,82596.0,0,0,0
04013618000,04013618000,Arizona,Maricopa County,1,4555,0,8.97845171588188,90065.0,0,0,0
04013618100,04013618100,Arizona,Maricopa County,1,4347,0,3.3089104230678297,93989.0,0,0,0
04013618200,04013618200,Arizona,Maricopa County,1,3851,0,12.976733029503501,62813.0,0,0,0
04013618300,04013618300,Arizona,Maricopa County,1,3026,0,5.06247997436719,81938.0,0,0,0
04013618400,04013618400,Arizona,Maricopa County,1,3849,1,20.8025343189018,65882.0,0,1,0
04013618500,04013618500,Arizona,Maricopa County,1,3647,0,9.026591851671139,66625.0,0,0,0
04013618600,04013618600,Arizona,Maricopa County,1,4241,0,13.3792859667727,66774.0,0,0,0
04013618700,04013618700,Arizona,Maricopa County,1,2859,1,21.4163530619227,59844.0,0,1,0
04013618800,04013618800,Arizona,Maricopa County,1,5074,1,21.563628638198402,42972.0,0,0,0
04013618900,04013618900,Arizona,Maricopa County,1,6215,0,12.8137384412153,68808.0,0,0,0
04013619000,04013619000,Arizona,Maricopa County,1,3068,0,13.6377757067412,64611.0,0,0,0
04013619100,04013619100,Arizona,Maricopa County,1,2954,1,28.2668881506091,37246.0,0,0,0
04013619200,04013619200,Arizona,Maricopa County,1,4453,1,20.4727208103785,40488.0,0,1,0
04013619300,04013619300,Arizona,Maricopa County,1,3972,1,27.7322677322677,55706.0,0,1,0
04013619400,04013619400,Arizona,Maricopa County,1,4269,1,15.5739086465532,52067.0,0,1,0
04013619500,04013619500,Arizona,Maricopa County,1,5092,1,13.1147540983607,56736.0,0,1,0
04013619600,04013619600,Arizona,Maricopa County,1,1912,0,10.2285092491839,58851.0,0,0,0
04013619700,04013619700,Arizona,Maricopa County,1,3443,0,10.164271047227901,64023.0,0,0,0
04013619800,04013619800,Arizona,Maricopa County,1,4312,0,5.03335354760461,79643.0,0,0,0
04013619900,04013619900,Arizona,Maricopa County,1,5990,0,4.81150793650794,118846.0,0,0,0
04013723303,04013723303,Arizona,Maricopa County,0,26,0,0.0,,0,0,0
04013723304,04013723304,Arizona,Maricopa County,1,4230,0,9.19449901768173,64792.0,0,0,0
04013723305,04013723305,Arizona,Maricopa County,0,2745,1,36.557930258717704,34306.0,1,1,1
04013723306,04013723306,Arizona,Maricopa County,0,5259,0,14.6666666666667,,0,0,0
04013723307,04013723307,Arizona,Maricopa County,0,2186,0,2.64054514480409,113500.0,0,0,0
04013723308,04013723308,Arizona,Maricopa County,1,7519,0,6.53888280394305,94428.0,0,0,0
04013810000,04013810000,Arizona,Maricopa County,1,1711,0,8.26380611839491,119750.0,0,0,0
04013810100,04013810100,Arizona,Maricopa County,1,6272,0,3.37817638266069,134583.0,0,0,0
04013810200,04013810200,Arizona,Maricopa County,1,3412,0,6.36339019767127,106800.0,0,0,0
04013810300,04013810300,Arizona,Maricopa County,1,5557,0,8.18152764461489,97367.0,0,0,0
04013810400,04013810400,Arizona,Maricopa County,1,4661,0,7.898477157360411,91837.0,0,0,0
04013810500,04013810500,Arizona,Maricopa County,1,5168,0,5.89184826472962,125489.0,0,0,0
04013810600,04013810600,Arizona,Maricopa County,1,6540,0,1.76050753370341,113362.0,0,0,0
04013810700,04013810700,Arizona,Maricopa County,1,6775,0,10.1664102922668,82734.0,0,0,0
04013810800,04013810800,Arizona,Maricopa County,1,4235,0,6.80350553505535,109750.0,0,0,0
04013810900,04013810900,Arizona,Maricopa County,1,5636,0,5.554575912537469,93852.0,0,0,0
04013811000,04013811000,Arizona,Maricopa County,1,2776,0,1.6283185840707999,118826.0,0,0,0
04013811100,04013811100,Arizona,Maricopa County,1,2225,0,9.25993437841779,78646.0,0,0,0
04013811200,04013811200,Arizona,Maricopa County,1,2429,0,8.45771144278607,74048.0,0,0,0
04013811300,04013811300,Arizona,Maricopa County,1,2839,0,6.51085141903172,92375.0,0,0,0
04013811400,04013811400,Arizona,Maricopa County,1,5228,0,3.52208600895116,98807.0,0,0,0
04013811500,04013811500,Arizona,Maricopa County,1,2500,0,1.74464710547185,126705.0,0,0,0
04013811600,04013811600,Arizona,Maricopa County,1,4159,0,5.91893136803316,95781.0,0,0,0
04013811700,04013811700,Arizona,Maricopa County,1,4487,0,7.703281027104141,89950.0,0,0,0
04013811800,04013811800,Arizona,Maricopa County,1,2028,0,2.7498908773461403,142500.0,0,0,0
04013811900,04013811900,Arizona,Maricopa County,1,5544,0,1.45861601085482,125156.0,0,0,0
04013812000,04013812000,Arizona,Maricopa County,1,3617,0,11.4854842127569,70543.0,0,0,0
04013812100,04013812100,Arizona,Maricopa County,1,6130,0,2.44169666614494,89571.0,0,0,0
04013812200,04013812200,Arizona,Maricopa County,1,6229,0,5.81779717043501,127663.0,0,0,0
04013812300,04013812300,Arizona,Maricopa County,1,4511,0,4.52751817237799,136618.0,0,0,0
04013812400,04013812400,Arizona,Maricopa County,1,6098,0,3.52757311899978,107045.0,0,0,0
04013812500,04013812500,Arizona,Maricopa County,1,2070,0,1.50187734668335,113000.0,0,0,0
04013812600,04013812600,Arizona,Maricopa County,1,4400,0,4.7282279248333,114323.0,0,0,0
04013812700,04013812700,Arizona,Maricopa County,1,5771,0,11.107416029265,137946.0,0,0,0
04013812800,04013812800,Arizona,Maricopa County,1,4390,0,4.2758398971226494,149493.0,0,0,0
04013812900,04013812900,Arizona,Maricopa County,1,2963,0,12.2478386167147,151932.0,0,0,0
04013813000,04013813000,Arizona,Maricopa County,1,2699,0,1.18177911474001,121000.0,0,0,0
04013813100,04013813100,Arizona,Maricopa County,1,2446,0,2.57142857142857,137847.0,0,0,0
04013813200,04013813200,Arizona,Maricopa County,1,4212,0,1.5132085150038501,154276.0,0,0,0
04013813300,04013813300,Arizona,Maricopa County,1,4816,0,2.37106265143648,149118.0,0,0,0
04013813400,04013813400,Arizona,Maricopa County,1,3792,0,7.4801994719859195,141898.0,0,0,0
04013813500,04013813500,Arizona,Maricopa County,1,2902,0,6.60736975857687,141597.0,0,0,0
04013813600,04013813600,Arizona,Maricopa County,1,3138,0,2.3306233062330604,164219.0,0,0,0
04013813700,04013813700,Arizona,Maricopa County,1,2528,0,6.109822119102859,72723.0,0,0,0
04013813800,04013813800,Arizona,Maricopa County,1,2962,1,5.54621848739496,55694.0,1,1,1
04013813900,04013813900,Arizona,Maricopa County,1,5202,0,6.38833903185172,105846.0,0,0,0
04013814000,04013814000,Arizona,Maricopa County,1,1531,0,9.646425826287471,63589.0,0,0,0
04013814100,04013814100,Arizona,Maricopa County,1,5874,0,1.8665681020144198,112429.0,0,0,0
04013814200,04013814200,Arizona,Maricopa County,1,2624,0,5.4932735426009005,132000.0,0,0,0
04013814300,04013814300,Arizona,Maricopa County,1,4040,0,7.44841469552089,100372.0,0,0,0
04013814400,04013814400,Arizona,Maricopa County,1,4909,0,4.77159656264134,101263.0,0,0,0
04013814500,04013814500,Arizona,Maricopa County,1,5029,0,2.2247794399693097,86500.0,0,0,0
04013814600,04013814600,Arizona,Maricopa County,1,4461,0,7.09766706207987,77745.0,0,0,0
04013814700,04013814700,Arizona,Maricopa County,1,4148,0,6.8864468864468895,98750.0,0,0,0
04013814800,04013814800,Arizona,Maricopa County,1,5465,0,8.1870695401022,86994.0,0,0,0
04013814900,04013814900,Arizona,Maricopa County,1,3015,0,0.510390083849799,96445.0,0,0,0
04013815000,04013815000,Arizona,Maricopa County,1,4262,0,2.4789029535864997,118125.0,0,0,0
04013815100,04013815100,Arizona,Maricopa County,1,4423,0,2.67824159586258,102561.0,0,0,0
04013815200,04013815200,Arizona,Maricopa County,1,6720,0,8.427734375,92264.0,0,0,0
04013815300,04013815300,Arizona,Maricopa County,1,3926,0,1.90755685986794,151150.0,0,0,0
04013815400,04013815400,Arizona,Maricopa County,0,6288,0,6.427098034958199,119050.0,0,0,0
04013815500,04013815500,Arizona,Maricopa County,1,5607,0,3.39529881702258,110625.0,0,0,0
04013815600,04013815600,Arizona,Maricopa County,1,5183,0,1.84534270650264,96302.0,0,0,0
04013815700,04013815700,Arizona,Maricopa County,1,5525,0,4.6862896979086,95600.0,0,0,0
04013815800,04013815800,Arizona,Maricopa County,1,4083,0,6.94944435748943,106219.0,0,0,0
04013815900,04013815900,Arizona,Maricopa County,1,5981,0,2.09097215340402,124375.0,0,0,0
04013816000,04013816000,Arizona,Maricopa County,1,8186,0,8.02069088530828,118031.0,0,0,0
04013816100,04013816100,Arizona,Maricopa County,1,7264,0,2.34971889865936,110577.0,0,0,0
04013816200,04013816200,Arizona,Maricopa County,1,3982,0,2.64608599779493,94077.0,0,0,0
04013816300,04013816300,Arizona,Maricopa County,1,3292,0,2.88756542140408,84482.0,0,0,0
04013816400,04013816400,Arizona,Maricopa County,1,6823,0,4.86592544146501,100179.0,0,0,0
04013816500,04013816500,Arizona,Maricopa County,1,3883,0,8.939759036144581,116025.0,0,0,0
04013816600,04013816600,Arizona,Maricopa County,1,4278,0,4.26829268292683,109479.0,0,0,0
04013816700,04013816700,Arizona,Maricopa County,1,2348,0,4.05759162303665,127333.0,0,0,0
04013816800,04013816800,Arizona,Maricopa County,1,2875,0,2.55005666792595,115192.0,0,0,0
04013816900,04013816900,Arizona,Maricopa County,1,3393,0,6.72171519629147,104890.0,0,0,0
04013817000,04013817000,Arizona,Maricopa County,1,3523,0,7.558311189843519,120833.0,0,0,0
04013817100,04013817100,Arizona,Maricopa County,1,7549,0,9.93872676290373,80660.0,0,0,0
04013817200,04013817200,Arizona,Maricopa County,1,6151,0,5.59290131755848,106625.0,0,0,0
04013817300,04013817300,Arizona,Maricopa County,1,5248,0,7.00474279460051,77298.0,0,0,0
04013817400,04013817400,Arizona,Maricopa County,1,2755,0,5.5207949944792,58668.0,0,0,0
04013817500,04013817500,Arizona,Maricopa County,1,2704,0,5.83917250583917,70164.0,0,0,0
04013817600,04013817600,Arizona,Maricopa County,0,998,0,6.577480490523969,80714.0,0,0,0
04013940700,04013940700,Arizona,Maricopa County,0,151,0,16.806722689075603,,0,0,0
04013941000,04013941000,Arizona,Maricopa County,0,2931,1,40.159045725646095,41625.0,0,0,1
04013941100,04013941100,Arizona,Maricopa County,0,63,0,7.14285714285714,,0,0,0
04013941200,04013941200,Arizona,Maricopa County,0,971,1,28.4931506849315,50167.0,0,0,0
04013941300,04013941300,Arizona,Maricopa County,0,6293,1,30.2127083051077,39043.0,0,0,1
04013980400,04013980400,Arizona,Maricopa County,1,15,1,100.0,,1,1,0
04013980700,04013980700,Arizona,Maricopa County,0,4,0,0.0,,0,0,0
